orderID,tot_visits,tot_visitOrder,time_lastVisit,avgTime_visit,var_visit,medianTime_visit,maxTime_visit,minTime_visit,avgTime_recd_order,avgTime_order,batchTimesReceived,batchCountReceived,couponSwitch
6054,8,8,1679.47777777778,2149.53373015873,252722.686721781,2160.33333333333,2966.74444444444,1663.54166666667,122.341319444444,15,1,1,FALSE
6055,8,8,1831.31111111111,1952.29920634921,1629497.83821171,1707.77777777778,4640.87222222222,456.725,74.6927083333333,14.75,1,1,FALSE
6056,2,2,13643.9972222222,13643.9972222222,,13643.9972222222,13643.9972222222,13643.9972222222,8.71527777777778,12,1,1,FALSE
6057,3,3,4363.93611111111,7207.4,16170573.7748303,7207.4,10050.8638888889,4363.93611111111,154.377777777778,10.6666666666667,1,1,FALSE
6058,10,10,1677.86388888889,1680.28919753086,27.9005255486966,1680.06388888889,1690.8,1673.93333333333,18.7838888888889,13.7,1,1,FALSE
6059,9,9,2374.93611111111,1797.58854166667,189047.791877067,1579.12083333333,2396.50555555556,1396.81388888889,325.50987654321,14.4444444444444,1,1,FALSE
6060,5,5,3360.56666666667,3779.04791666667,8220713.62432806,4199.36944444444,6716.425,1.02777777777778,2.38388888888889,15,1,1,FALSE
6061,1,1,,,,,,,5.475,15,1,1,FALSE
6062,4,4,3363.79722222222,4486.11388888889,944712.225833333,5043.24722222222,5051.29722222222,3363.79722222222,2.42222222222222,14.25,1,1,FALSE
6063,11,11,1268.20555555556,1492.32388888889,58469.4990229767,1451.84444444444,1920.65833333333,1196.23055555556,4.75151515151515,12.8181818181818,1,1,FALSE
6064,11,11,1248.35555555556,1512.35777777778,572545.726733196,1403.6875,3127.05833333333,174.513888888889,290.017676767677,13.5454545454545,1,1,FALSE
6065,1,1,,,,,,,10.4138888888889,15,1,1,FALSE
6066,15,13,1440.86666666667,1112.25972222222,410143.179542676,1183.13472222222,2877.80555555556,2.26666666666667,353.992592592593,15.4,1,2,FALSE
6067,2,2,3195.34444444444,3195.34444444444,,3195.34444444444,3195.34444444444,3195.34444444444,3.27777777777778,12,1,1,FALSE
6068,1,1,,,,,,,7.59722222222222,16,1,1,FALSE
6069,1,1,,,,,,,7.40277777777778,16,1,1,FALSE
6070,4,4,4337.05555555556,4010.11203703704,1520639.08657665,4337.05555555556,5046.83611111111,2646.44444444444,715.628472222222,14,1,1,FALSE
6071,15,15,1701.98333333333,1080.21547619048,338994.311769604,1165.65833333333,1717.56944444444,233.686111111111,190.704814814815,14.6,1,1,FALSE
6072,3,3,3359.81111111111,3450.30138888889,16376.9807445987,3450.30138888889,3540.79166666667,3359.81111111111,356.834259259259,18,1,1,FALSE
6073,2,2,14797.1194444444,14797.1194444444,,14797.1194444444,14797.1194444444,14797.1194444444,154.165277777778,8,1,1,FALSE
6074,1,1,,,,,,,2.79722222222222,16,1,1,FALSE
6075,2,2,8349.31666666667,8349.31666666667,,8349.31666666667,8349.31666666667,8349.31666666667,19.1694444444444,18.5,1,1,FALSE
6076,1,1,,,,,,,2.375,16,1,1,FALSE
6077,3,3,1276.32777777778,4316.14305555556,18480953.8460224,4316.14305555556,7355.95833333333,1276.32777777778,501.718518518519,14,1,1,FALSE
6078,6,6,1766.76388888889,2694.17611111111,1129444.50312731,2830.30555555556,4283.65277777778,1664.93611111111,287.419444444444,12.6666666666667,1,1,FALSE
6079,3,3,5739.93888888889,5856.16388888889,27016.50125,5856.16388888889,5972.38888888889,5739.93888888889,312.405555555556,18.3333333333333,1,1,FALSE
6080,1,1,,,,,,,7.84722222222222,16,1,1,FALSE
6081,1,1,,,,,,,4.33055555555556,17,1,1,FALSE
6082,5,5,2917.625,3493.79375,4123765.25909658,2918.04861111111,6419.57777777778,1719.5,517.797222222222,15,1,1,FALSE
6083,3,3,6998.65833333333,6982.20416666667,541.479201388903,6982.20416666667,6998.65833333333,6965.75,848.851851851852,14,1,1,FALSE
6084,10,9,1283.25555555556,1653.16481481481,84071.2441126543,1627.54166666667,2140.78333333333,1283.25555555556,3.40888888888889,12.1,2,1,FALSE
6085,10,10,1421.69722222222,1677.25308641975,664364.779825317,1670.68888888889,3363.28333333333,237.033333333333,176.464722222222,19.2,1,1,FALSE
6086,1,1,,,,,,,4.10277777777778,17,1,1,FALSE
6087,3,3,4644.80277777778,4724.275,12631.6682098767,4724.275,4803.74722222222,4644.80277777778,371.288888888889,11.6666666666667,1,1,FALSE
6088,3,3,2601.79722222222,2679.25833333333,12000.4474691358,2679.25833333333,2756.71944444444,2601.79722222222,734.459259259259,16.3333333333333,1,1,FALSE
6089,3,3,5030.80833333333,6989.99583333333,7676831.3203125,6989.99583333333,8949.18333333333,5030.80833333333,385.642592592593,16.3333333333333,1,1,FALSE
6090,1,1,,,,,,,6.46111111111111,18,1,1,FALSE
6091,3,2,3154.90833333333,1883.50277777778,3232944.17339506,1883.50277777778,3154.90833333333,612.097222222222,205.387962962963,13,2,1,FALSE
6092,7,7,1662.74722222222,2286.04351851852,1793816.63277675,1717.11527777778,5013.51111111111,1662.74722222222,1041.6873015873,16.8571428571429,1,1,FALSE
6093,2,2,13992.3388888889,13992.3388888889,,13992.3388888889,13992.3388888889,13992.3388888889,112.333333333333,14.5,1,1,FALSE
6094,1,1,,,,,,,5.66944444444444,18,1,1,FALSE
6095,3,3,7074.43055555556,5392.54583333333,5657472.43768904,5392.54583333333,7074.43055555556,3710.66111111111,484.763888888889,15,1,1,FALSE
6096,5,5,1656.26111111111,3777.53263888889,5642752.82020769,3482.94027777778,6487.98888888889,1656.26111111111,8.00111111111111,19.8,1,1,FALSE
6097,1,1,,,,,,,8.32777777777778,19,1,1,FALSE
6098,1,1,,,,,,,40.2638888888889,19,1,1,FALSE
6099,13,12,2173.01111111111,1336.08773148148,951377.018655244,1123.60972222222,3947.28333333333,284.158333333333,269.49594017094,14.8461538461538,2,1,TRUE
6100,2,2,13279.975,13279.975,,13279.975,13279.975,13279.975,73.9805555555556,15,1,1,FALSE
6101,4,4,3881.62222222222,4978.80185185185,14057457.4599717,3881.62222222222,9154.31944444445,1900.46388888889,2.44027777777778,16,1,1,FALSE
6102,1,1,,,,,,,7.36388888888889,19,1,1,FALSE
6103,3,3,2898.65277777778,6972.35972222222,33190176.5384298,6972.35972222222,11046.0666666667,2898.65277777778,492.659259259259,17.6666666666667,1,1,FALSE
6104,2,2,3397.32777777778,3397.32777777778,,3397.32777777778,3397.32777777778,3397.32777777778,3.42222222222222,17,1,1,FALSE
6105,1,1,,,,,,,7.91944444444444,19,1,1,FALSE
6106,7,7,1438.41944444444,2480.02777777778,2259588.41647531,1679.69861111111,5046.43611111111,1437.51111111111,7.41626984126984,18.4285714285714,1,1,FALSE
6107,2,2,7689.26666666667,7689.26666666667,,7689.26666666667,7689.26666666667,7689.26666666667,300.731944444444,19.5,1,1,FALSE
6108,7,7,3592.61388888889,2478.72083333333,1832703.42681713,1840.20138888889,4699.64166666667,1442,2.83650793650794,16.1428571428571,1,1,FALSE
6109,6,6,1727.35833333333,1977.87388888889,457056.248181327,1727.35833333333,3157.66944444444,1457.45555555556,57.499537037037,15.6666666666667,1,1,FALSE
6110,3,3,8728.21111111111,5994.97361111111,14941174.4628125,5994.97361111111,8728.21111111111,3261.73611111111,942.665740740741,17.3333333333333,1,1,FALSE
6111,10,10,1692.81944444444,1681.34814814815,153.289064429012,1686.80833333333,1692.81944444444,1663.20833333333,4.54666666666667,19.4,1,1,FALSE
6112,3,3,3202.15,7569.53472222222,38148098.6238001,7569.53472222222,11936.9194444444,3202.15,9.97962962962963,16.6666666666667,1,1,FALSE
6113,3,3,1723.275,1566.70416666667,49028.8517013889,1566.70416666667,1723.275,1410.13333333333,5.22592592592593,18.6666666666667,1,1,FALSE
6114,13,9,2726.87777777778,1277.79907407407,1475844.80214553,1207.53888888889,3840.89444444444,12.4694444444444,358.372863247863,18.2307692307692,2,2.5,FALSE
6115,1,1,,,,,,,5.46944444444444,21,1,1,FALSE
6116,4,4,1988.58055555556,3522.11759259259,10994174.1840921,1988.58055555556,7327.03888888889,1250.73333333333,381.35625,16,1,1,FALSE
6117,6,6,4815.57222222222,2943.33833333333,1289900.53278318,2724.66111111111,4815.57222222222,1744.63611111111,7.83472222222222,17.1666666666667,1,1,FALSE
6118,3,3,5097.08611111111,6989.05972222222,7159128.29028163,6989.05972222222,8881.03333333333,5097.08611111111,7.27685185185185,17.6666666666667,1,1,FALSE
6119,1,1,,,,,,,64.7305555555556,21,1,1,FALSE
6120,5,3,546.069444444444,1246.375,1637228.94154321,709.972222222222,3144.21944444444,421.336111111111,623.923333333333,14.2,3,1,FALSE
6121,6,6,3405.725,1893.97222222222,741745.213653549,1646.87222222222,3405.725,1268.59444444444,188.468518518519,14,1,1,FALSE
6122,3,3,10468.4833333333,5885.67222222222,42004315.3602469,5885.67222222222,10468.4833333333,1302.86111111111,432.702777777778,16.6666666666667,1,1,FALSE
6123,4,4,4693.32777777778,4923.93518518519,97044.3443081275,4800.15833333333,5278.31944444444,4693.32777777778,103.853472222222,12,1,1,FALSE
6124,13,10,12.4694444444444,1277.79907407407,1475844.80214553,1207.53888888889,3840.89444444444,12.4694444444444,358.372863247863,18.2307692307692,2,2.5,FALSE
6125,2,2,2701.33333333333,2701.33333333333,,2701.33333333333,2701.33333333333,2701.33333333333,7.19444444444444,19,1,1,FALSE
6126,4,4,2726.71944444444,4587.30833333333,2606507.82047068,5416.78333333333,5618.42222222222,2726.71944444444,2.32152777777778,12.25,1,1,FALSE
6127,5,5,3833.075,3420.17361111111,3382727.13103138,3237.22638888889,5759.99722222222,1446.24444444444,615.772222222222,22.2,1,1,FALSE
6128,6,4,9284.47222222222,3061.57555555556,16332810.0919884,834.180555555556,9284.47222222222,0.833333333333333,251.362037037037,15.8333333333333,1,2,FALSE
6129,1,1,,,,,,,14.8333333333333,22,1,1,FALSE
6130,2,2,3832.00277777778,3832.00277777778,,3832.00277777778,3832.00277777778,3832.00277777778,4.07083333333333,23,1,1,FALSE
6131,1,1,,,,,,,10.625,23,1,1,FALSE
6132,7,4,2001.38055555556,2089.13935185185,7458077.69722968,1002.37916666667,6686.17777777778,0.372222222222222,504.915476190476,20,1,2.5,FALSE
6133,7,5,0.372222222222222,2089.13935185185,7458077.69722968,1002.37916666667,6686.17777777778,0.372222222222222,504.915476190476,20,1,2.5,FALSE
6134,7,6,0.755555555555556,2089.13935185185,7458077.69722968,1002.37916666667,6686.17777777778,0.372222222222222,504.915476190476,20,1,2.5,FALSE
6135,7,7,3.37777777777778,2089.13935185185,7458077.69722968,1002.37916666667,6686.17777777778,0.372222222222222,504.915476190476,20,1,2.5,FALSE
6136,24,23,2160.81388888889,615.029106280193,910517.873328332,192.113888888889,3316.21388888889,0.608333333333333,284.389930555556,12.7083333333333,1,1.5,FALSE
6137,3,3,1692.875,1815.84583333333,30243.6517013888,1815.84583333333,1938.81666666667,1692.875,160.577777777778,14.6666666666667,1,1,FALSE
6138,4,4,3087.13055555556,3240.71111111111,123621.503634259,3087.13055555556,3642.97222222222,2992.03055555556,153.972222222222,4.5,1,1,FALSE
6139,1,1,,,,,,,2.72222222222222,6,1,1,FALSE
6140,3,3,9983.2,7545.8875,11880984.4453125,7545.8875,9983.2,5108.575,99.9944444444445,10.3333333333333,1,1,FALSE
6141,10,10,1677.40833333333,1652.85648148148,15938.0974787809,1677.40833333333,1816.03611111111,1446.9,127.173055555556,11.1,1,1,FALSE
6142,1,1,,,,,,,2.18888888888889,8,1,1,FALSE
6143,5,5,3191.07777777778,3234.20416666667,500046.229411008,3093.14166666667,4212.33333333333,2538.2,370.862777777778,10.6,1,1,FALSE
6144,3,3,1351.56111111111,7034.49861111111,64591557.2578125,7034.49861111111,12717.4361111111,1351.56111111111,361.815740740741,14,1,1,FALSE
6145,1,1,,,,,,,0.408333333333333,8,1,1,FALSE
6146,6,5,3829.425,3297.81722222222,4594455.59656404,2919.90555555556,6686.00555555556,1210.56388888889,211.216203703704,10.3333333333333,1,1.5,FALSE
6147,16,8,1806.22777777778,1019.51648148148,1949669.55526727,21.7805555555556,5036.53333333333,0.841666666666667,145.014409722222,14.3125,1,5,FALSE
6148,5,5,1340.55277777778,3302.88680555556,15630159.9272139,1516.68333333333,9216.21666666667,961.963888888889,621.306666666667,13.6,1,1,FALSE
6149,3,3,2343.24166666667,4041.69027777778,5769455.36917052,4041.69027777778,5740.13888888889,2343.24166666667,459.589814814815,12.6666666666667,1,1,FALSE
6150,16,9,0.841666666666667,1019.51648148148,1949669.55526727,21.7805555555556,5036.53333333333,0.841666666666667,145.014409722222,14.3125,1,5,FALSE
6151,1,1,,,,,,,3.48055555555556,8,1,1,FALSE
6152,13,11,103.183333333333,1277.79907407407,1475844.80214553,1207.53888888889,3840.89444444444,12.4694444444444,358.372863247863,18.2307692307692,2,2.5,FALSE
6153,7,7,1561.21944444444,2297.81435185185,5234896.72799203,1483.05833333333,6944.59166666667,935.694444444444,205.480952380952,13.7142857142857,1,1,FALSE
6154,7,7,1675.45555555556,2519.86666666667,1977151.67771913,1682.10277777778,5041.00833333333,1675.45555555556,181.678968253968,8.14285714285714,1,1,FALSE
6155,9,9,1656.46388888889,1861.15034722222,335153.451414104,1678.14722222222,3181.86111111111,1261.72777777778,191.083950617284,10.2222222222222,1,1,FALSE
6156,8,8,1694.57222222222,2126.4873015873,857859.106596855,1694.57222222222,3603.38055555556,1317.20277777778,174.530555555556,15.375,1,1,FALSE
6157,6,6,1787.725,2684.65666666667,2158416.50488657,1787.725,5057.67222222222,1654.98333333333,75.2435185185185,15.1666666666667,1,1,FALSE
6158,1,1,,,,,,,9.06944444444444,9,1,1,FALSE
6159,7,7,2371.00833333333,2178.43009259259,958682.405775978,1964,3681.85,1232.02222222222,427.434920634921,16.2857142857143,1,1,FALSE
6160,1,1,,,,,,,159.105555555556,9,1,1,FALSE
6161,1,1,,,,,,,184.347222222222,9,1,1,FALSE
6162,4,4,9276.72777777778,5097.36111111111,13472697.0712114,3617.89722222222,9276.72777777778,2397.45833333333,367.996527777778,14.75,1,1,FALSE
6163,6,6,1151.65833333333,3022.21722222222,3533465.79681096,2206.24444444444,5051.625,1151.65833333333,87.3305555555556,10.3333333333333,1,1,FALSE
6164,9,9,3281.18611111111,1890.45416666667,359677.493520723,1697.76527777778,3281.18611111111,1383.73611111111,33.1635802469136,16.7777777777778,1,1,FALSE
6165,7,7,1660.11111111111,2545.52037037037,2089020.61906996,1782.7125,4874.14166666667,1349.15277777778,209.378174603175,14,1,1,FALSE
6166,13,12,14.2055555555556,1277.79907407407,1475844.80214553,1207.53888888889,3840.89444444444,12.4694444444444,358.372863247863,18.2307692307692,2,2.5,FALSE
6167,5,5,3365.21666666667,3770.30833333333,973779.725684156,3361.19722222222,5240.50833333333,3118.33055555556,6.145,10.6,1,1,FALSE
6168,5,5,3125.13333333333,2067.74166666667,553577.612721193,1851.30277777778,3125.13333333333,1443.22777777778,350.678888888889,12,1,1,FALSE
6169,5,5,3351.425,2517.08680555556,946131.206771477,2517.13472222222,3367.425,1666.65277777778,54.9122222222222,10.6,1,1,FALSE
6170,2,2,6726.93055555556,6726.93055555556,,6726.93055555556,6726.93055555556,6726.93055555556,162.080555555556,9.5,1,1,FALSE
6171,3,3,3361.00277777778,7563.45555555556,35321218.6989043,7563.45555555556,11765.9083333333,3361.00277777778,189.259259259259,9.66666666666667,1,1,FALSE
6172,5,5,4290.79444444444,3766.61805555556,927930.966833848,3658.92222222222,4858.91388888889,2889.71388888889,527.500555555555,14.2,1,1,FALSE
6173,2,2,12678.9,12678.9,,12678.9,12678.9,12678.9,366.805555555556,12,1,1,FALSE
6174,6,6,3049.60555555556,2631.88888888889,1577791.54626157,2382.05,4579.21666666667,1424.075,116.383333333333,14.6666666666667,1,1,FALSE
6175,16,10,21.7805555555556,1019.51648148148,1949669.55526727,21.7805555555556,5036.53333333333,0.841666666666667,145.014409722222,14.3125,1,5,FALSE
6176,4,4,3125.80555555556,3359.62314814815,55528.2712217078,3356.01111111111,3597.05277777778,3125.80555555556,8.21388888888889,10.25,1,1,FALSE
6177,3,3,4709.86111111111,5958.86944444444,3120043.63347222,5958.86944444444,7207.87777777778,4709.86111111111,12.7009259259259,16,1,1,FALSE
6178,16,11,1.74722222222222,1019.51648148148,1949669.55526727,21.7805555555556,5036.53333333333,0.841666666666667,145.014409722222,14.3125,1,5,FALSE
6179,1,1,,,,,,,192.113888888889,11,1,1,FALSE
6180,16,12,2.24166666666667,1019.51648148148,1949669.55526727,21.7805555555556,5036.53333333333,0.841666666666667,145.014409722222,14.3125,1,5,FALSE
6181,3,3,13402.3277777778,7561.18194444444,68237969.2925347,7561.18194444444,13402.3277777778,1720.03611111111,140.299074074074,12.3333333333333,1,1,FALSE
6182,1,1,,,,,,,125.433333333333,11,1,1,FALSE
6183,2,2,3298.16388888889,3298.16388888889,,3298.16388888889,3298.16388888889,3298.16388888889,190.398611111111,14,1,1,FALSE
6184,9,8,1342.875,1981.80381944444,1084712.18333981,1554.61111111111,3690.84166666667,1180.43611111111,599.47962962963,16.4444444444444,1,1.5,FALSE
6185,16,13,5.29444444444444,1019.51648148148,1949669.55526727,21.7805555555556,5036.53333333333,0.841666666666667,145.014409722222,14.3125,1,5,FALSE
6186,33,31,463.838888888889,503.555989583333,240572.004841751,360.508333333333,2656.59444444444,19.9416666666667,395.222390572391,14.6363636363636,2,1,FALSE
6187,16,14,3.12222222222222,1019.51648148148,1949669.55526727,21.7805555555556,5036.53333333333,0.841666666666667,145.014409722222,14.3125,1,5,FALSE
6188,2,2,6200.14166666667,6200.14166666667,,6200.14166666667,6200.14166666667,6200.14166666667,1.925,14,1,1,FALSE
6189,4,4,2888.18333333333,3593.15185185185,3601734.81247942,2888.18333333333,5742.57777777778,2148.69444444444,245.181944444444,12.25,1,1,FALSE
6190,9,7,488.811111111111,1888.22743055556,6989533.44601948,831.736111111111,7349.81944444444,1.89444444444444,806.478703703704,12.5555555555556,1,2,FALSE
6191,3,3,4802.31666666667,7061.76111111111,10210178.3950617,7061.76111111111,9321.20555555556,4802.31666666667,464.04537037037,13.3333333333333,1,1,FALSE
6192,2,2,5532.90555555556,5532.90555555556,,5532.90555555556,5532.90555555556,5532.90555555556,806.695833333333,11.5,1,1,FALSE
6193,16,15,5.94166666666667,1019.51648148148,1949669.55526727,21.7805555555556,5036.53333333333,0.841666666666667,145.014409722222,14.3125,1,5,FALSE
6194,9,8,1.9,1888.22743055556,6989533.44601948,831.736111111111,7349.81944444444,1.89444444444444,806.478703703704,12.5555555555556,1,2,FALSE
6195,2,2,15325.4472222222,15325.4472222222,,15325.4472222222,15325.4472222222,15325.4472222222,106.786111111111,14,1,1,FALSE
6196,16,16,1.48888888888889,1019.51648148148,1949669.55526727,21.7805555555556,5036.53333333333,0.841666666666667,145.014409722222,14.3125,1,5,FALSE
6197,4,4,5475.43055555556,4954.88148148148,3335631.94023405,5475.43055555556,6464.46666666667,2924.74722222222,50.7541666666667,15.25,1,1,FALSE
6198,3,3,6734.475,4299.20416666667,11861088.0633681,4299.20416666667,6734.475,1863.93333333333,25.8722222222222,13.3333333333333,1,1,FALSE
6199,6,6,3290.43888888889,2960.36777777778,1787376.25071991,3360.11388888889,4121.33055555556,646.511111111111,718.543981481482,15.6666666666667,1,1,FALSE
6200,5,5,1906.56944444444,3775.31319444444,5688655.05193609,3465.08055555556,6516.91111111111,1654.18055555556,105.534444444444,15.2,1,1,FALSE
6201,4,4,3090.425,4413.09444444444,24389399.2688503,3090.425,9878.31388888889,270.544444444444,236.844444444444,12.75,1,1,FALSE
6202,2,2,12671.1305555556,12671.1305555556,,12671.1305555556,12671.1305555556,12671.1305555556,491.563888888889,15.5,1,1,FALSE
6203,1,1,,,,,,,224.258333333333,14,1,1,FALSE
6204,5,4,3505.48888888889,2450.23263888889,1018289.38858732,2551.11111111111,3505.48888888889,1193.21944444444,322.768333333333,12,2,1,FALSE
6205,1,1,,,,,,,3.62777777777778,14,1,1,FALSE
6206,4,4,3999.76388888889,4379.45,109881.542415123,4527.33611111111,4611.25,3999.76388888889,16.1854166666667,18.25,1,1,FALSE
6207,4,4,2343.64166666667,4474.05092592593,4765476.25433127,4372.425,6706.08611111111,2343.64166666667,445.195138888889,16.25,1,1,FALSE
6208,6,5,161.041666666667,3061.57555555556,16332810.0919884,834.180555555556,9284.47222222222,0.833333333333333,251.362037037037,15.8333333333333,1,2,FALSE
6209,4,4,7463.125,4173.50925925926,8207021.58852109,2830.10277777778,7463.125,2227.3,326.422916666667,13.25,1,1,FALSE
6210,6,6,0.833333333333333,3061.57555555556,16332810.0919884,834.180555555556,9284.47222222222,0.833333333333333,251.362037037037,15.8333333333333,1,2,FALSE
6211,1,1,,,,,,,27.8388888888889,15,1,1,FALSE
6212,3,3,1904.06666666667,1771.18611111111,35314.4840895061,1771.18611111111,1904.06666666667,1638.30555555556,10.3027777777778,17.6666666666667,1,1,FALSE
6213,9,9,1644.75277777778,1681.16944444444,16790.9956834215,1674.23055555556,1914.01111111111,1446.65555555556,7.55432098765432,15.1111111111111,1,1,FALSE
6214,4,3,5284.98611111111,3996.74074074074,10768138.1063606,5284.98611111111,6438.62777777778,266.608333333333,266.554861111111,17,1,1.5,FALSE
6215,5,5,3425.54722222222,3796.57986111111,4420766.19315522,3379.57361111111,6719.82777777778,1707.34444444444,46.0038888888889,11,1,1,FALSE
6216,4,4,5284.85,5104.8962962963,2748813.71180041,5284.85,6665.53333333333,3364.30555555556,4.90138888888889,16.5,1,1,FALSE
6217,6,6,3443.91388888889,2681.26166666667,777664.520811728,2772.01111111111,3624.97222222222,1694.98888888889,156.228240740741,16.6666666666667,1,1,FALSE
6218,13,13,69.3944444444444,1277.79907407407,1475844.80214553,1207.53888888889,3840.89444444444,12.4694444444444,358.372863247863,18.2307692307692,2,5,FALSE
6219,6,6,3378.91388888889,3018.67888888889,594077.775322531,3357.075,3378.91388888889,1639.99166666667,230.726388888889,18,1,1,FALSE
6220,6,6,2876.63055555556,3035.67444444444,183043.940969907,2876.63055555556,3568.93888888889,2590.20277777778,211.191666666667,15.5,1,1,FALSE
6221,2,2,11523.3111111111,11523.3111111111,,11523.3111111111,11523.3111111111,11523.3111111111,377.531944444444,17,1,1,FALSE
6222,3,3,5565.73611111111,5429.16805555556,37301.6675964508,5429.16805555556,5565.73611111111,5292.6,13.9981481481481,13.6666666666667,1,1,FALSE
6223,1,1,,,,,,,226.308333333333,17,1,1,FALSE
6224,5,5,2921.21666666667,3355.99791666667,6144678.93992477,3224.84583333333,6502.18333333333,472.116666666667,207.695,18,1,1,FALSE
6225,1,1,,,,,,,10.4277777777778,18,1,1,FALSE
6226,1,1,,,,,,,222.494444444444,18,1,1,FALSE
6227,6,6,5038.48611111111,2399.02388888889,2185177.71464352,1703.61111111111,5038.48611111111,1678.54444444444,100.438425925926,18,1,1,FALSE
6228,8,8,1676.75,1951.11944444444,540017.455210905,1676.75,3616.41111111111,1645.08055555556,10.9743055555556,20.5,1,1,FALSE
6229,10,10,1680.65277777778,1692.10709876543,10972.1992710477,1680.90277777778,1904.57777777778,1497.28611111111,39.3436111111111,16.3,1,1,FALSE
6230,2,2,9109.61111111111,9109.61111111111,,9109.61111111111,9109.61111111111,9109.61111111111,640.505555555555,18.5,1,1,FALSE
6231,1,1,,,,,,,7.11111111111111,19,1,1,FALSE
6232,5,5,3130.20555555556,3323.25347222222,1484355.86787744,3225.99861111111,4903.22222222222,1937.79444444444,309.178888888889,16.4,1,1,FALSE
6233,1,1,,,,,,,235.577777777778,19,1,1,FALSE
6234,8,7,1422.63333333333,2189.01388888889,2824647.98932099,1559.60833333333,5366.35833333333,698.066666666667,209.867361111111,16.625,2,1,FALSE
6235,4,4,3201.60555555556,4736.77592592593,5418547.84263375,3593.60555555556,7415.11666666667,3201.60555555556,604.861111111111,14.5,1,1,FALSE
6236,6,6,3379.45,2687.37166666667,842077.288392747,3341.80277777778,3379.45,1681.1,196.745833333333,18,1,1,FALSE
6237,1,1,,,,,,,1.38888888888889,19,1,1,FALSE
6238,6,6,1442.38333333333,2467.87888888889,1557585.62274923,2676.96944444444,3936.8,965.958333333333,649.653703703704,17,1,1,FALSE
6239,2,2,11800.0666666667,11800.0666666667,,11800.0666666667,11800.0666666667,11800.0666666667,150.845833333333,18,1,1,FALSE
6240,1,1,,,,,,,3.825,20,1,1,FALSE
6241,4,4,4093.31944444444,4395.27962962963,141195.742394547,4276.425,4816.09444444444,4093.31944444444,4.42986111111111,19,1,1,FALSE
6242,4,4,6863.77222222222,5111.29814814815,3813644.34560442,5463.99166666667,6863.77222222222,3006.13055555556,377.243055555556,15,1,1,FALSE
6243,2,2,14885.8194444444,14885.8194444444,,14885.8194444444,14885.8194444444,14885.8194444444,331.486111111111,19.5,1,1,FALSE
6244,1,1,,,,,,,286.016666666667,20,1,1,FALSE
6245,9,9,1398.56388888889,1844.21354166667,598870.482487737,1680.61805555556,3678.95555555556,1242.45,386.095061728395,12,1,1,FALSE
6246,3,3,4396.68333333333,6593.225,9649590.58680555,6593.225,8789.76666666667,4396.68333333333,5.38148148148148,18.6666666666667,1,1,FALSE
6247,5,5,3931.38611111111,3838.92847222222,8482956.23583012,2865.04722222222,7925.76111111111,1699.85833333333,493.610555555556,14.2,1,1,FALSE
6248,1,1,,,,,,,258.458333333333,21,1,1,FALSE
6249,1,1,,,,,,,0.327777777777778,21,1,1,FALSE
6250,2,2,11260.3472222222,11260.3472222222,,11260.3472222222,11260.3472222222,11260.3472222222,434.056944444444,22,1,1,FALSE
6251,8,8,1824.1,2038.08214285714,814842.07308348,1824.1,3895.01666666667,1050.65,291.677777777778,13.75,1,1,FALSE
6252,2,2,3361.15833333333,3361.15833333333,,3361.15833333333,3361.15833333333,3361.15833333333,189.286111111111,21.5,1,1,FALSE
6253,4,4,987.797222222222,4718.69907407407,31941052.5344547,1947.19722222222,11221.1027777778,987.797222222222,2.41319444444444,19.75,1,1,FALSE
6254,10,10,1898.55555555556,1657.06635802469,725026.345448388,1650.36111111111,3382.74722222222,474.747222222222,82.4238888888889,14.7,1,1,FALSE
6255,1,1,,,,,,,148.919444444444,22,1,1,FALSE
6256,2,2,7229.83055555556,7229.83055555556,,7229.83055555556,7229.83055555556,7229.83055555556,776.283333333333,20.5,1,1,FALSE
6257,3,3,3014.28611111111,4201.60972222222,2819474.71500386,4201.60972222222,5388.93333333333,3014.28611111111,90.1148148148148,17.3333333333333,1,1,FALSE
6258,6,6,1655.07222222222,3083.09777777778,1825099.80335803,3350.60277777778,5024.83611111111,1655.07222222222,214.932407407407,15.3333333333333,1,1,FALSE
6259,1,1,,,,,,,314.427777777778,22,1,1,FALSE
6260,15,13,2622.21666666667,1181.38234126984,1638911.19316905,710.638888888889,4810.50555555556,229.588888888889,693.142962962963,17.5333333333333,1,2,FALSE
6261,1,1,,,,,,,10.9416666666667,23,1,1,FALSE
6262,4,4,3417.98333333333,4983.41759259259,3148915.60714763,4621.15555555556,6911.11388888889,3417.98333333333,127.314583333333,19.5,1,1,FALSE
6263,4,4,3375.28888888889,4399.98518518519,803607.599801955,4785.425,5039.24166666667,3375.28888888889,2.87708333333333,22.75,1,1,FALSE
6264,3,3,2165.675,4928.66666666667,15268245.9001389,4928.66666666667,7691.65833333333,2165.675,6.9,22,1,1,FALSE
6265,7,7,1927.08055555556,2482.3537037037,1810052.11673663,1973.35555555556,4870.31111111111,1100.925,720.141666666667,12.7142857142857,1,1,FALSE
6266,5,5,2235.20833333333,3769.33472222222,8993351.10564043,2899.5375,8035.54166666667,1242.72222222222,564.589444444444,11,1,1,FALSE
6267,7,7,3273.03888888889,2273.46342592593,766232.082121657,2036.00555555556,3399.79722222222,1259.325,30.1968253968254,11.5714285714286,1,1,FALSE
6268,7,7,2001.41944444444,2463.21666666667,619832.143410494,2399.45555555556,3682.9,1413.88888888889,9.43928571428571,14.1428571428571,1,1,FALSE
6269,1,1,,,,,,,391.913888888889,7,1,1,FALSE
6270,8,8,1650.76666666667,2160.17738095238,664661.310988757,1717.69444444444,3361.55555555556,1606.30555555556,221.348263888889,9.125,1,1,FALSE
6271,2,2,3766.425,3766.425,,3766.425,3766.425,3766.425,181.0875,11.5,1,1,FALSE
6272,2,2,10494.7861111111,10494.7861111111,,10494.7861111111,10494.7861111111,10494.7861111111,211.058333333333,11,1,1,FALSE
6273,4,4,6669.41944444444,3981.3462962963,6007905.17069702,3404.51388888889,6669.41944444444,1870.10555555556,376.106944444444,11,1,1,FALSE
6274,5,5,4195.28611111111,3039.65277777778,1604265.89759259,3365.28888888889,4195.28611111111,1232.74722222222,560.216111111111,16.8,1,1,FALSE
6275,5,5,3354.06111111111,3360.40555555556,1884426.45314815,3357.48611111111,5044.57777777778,1682.07222222222,277.879444444444,8.4,1,1,FALSE
6276,3,3,8429.76666666667,6730.39722222222,5775713.01742284,6730.39722222222,8429.76666666667,5031.02777777778,417.712037037037,7.33333333333333,1,1,FALSE
6277,2,2,12385.2416666667,12385.2416666667,,12385.2416666667,12385.2416666667,12385.2416666667,856.719444444444,13.5,1,1,FALSE
6278,3,3,9946.21388888889,7425.34166666667,12709593.5215432,7425.34166666667,9946.21388888889,4904.46944444444,366.921296296296,14.3333333333333,1,1,FALSE
6279,5,5,3495.88888888889,2505.88263888889,701484.309991641,2410.35,3495.88888888889,1706.94166666667,90.5011111111111,15,1,1,FALSE
6280,5,5,3250.28333333333,3597.02361111111,1097842.7134285,3717.93611111111,4658.83055555556,2293.39166666667,602.972222222222,14,1,1,FALSE
6281,4,4,1622.88888888889,1751.07407407407,22258.1331584362,1715.49444444444,1914.83888888889,1622.88888888889,278.33125,11.75,1,1,FALSE
6282,9,9,1356.06944444444,1586.94027777778,205046.626155203,1433.13611111111,2616.85555555556,1179.63333333333,125.321604938272,13.1111111111111,1,1,FALSE
6283,3,3,11647.4222222222,7495.91111111111,34470089.011358,7495.91111111111,11647.4222222222,3344.4,494.650925925926,17.3333333333333,1,1,FALSE
6284,4,4,2836.58888888889,5178.16018518519,23506686.8755736,2836.58888888889,10752.8611111111,1945.03055555556,364.566666666667,12.5,1,1,FALSE
6285,5,5,3346.28611111111,3449.16041666667,1169735.44631366,3427.38055555556,4792.71111111111,2149.16944444444,223.603888888889,16.6,1,1,FALSE
6286,9,9,1435.43055555556,1700.66111111111,190374.334437831,1664.90972222222,2207.76388888889,1003.74166666667,469.026851851852,13.3333333333333,1,1,FALSE
6287,6,6,6497.90555555556,2975.10166666667,4677457.96803086,1922.41111111111,6497.90555555556,1420.57222222222,353.982407407407,8.66666666666667,1,1,FALSE
6288,1,1,,,,,,,432.258333333333,10,1,1,FALSE
6289,2,2,3561.01666666667,3561.01666666667,,3561.01666666667,3561.01666666667,3561.01666666667,331.165277777778,12,1,1,FALSE
6290,2,2,7431.975,7431.975,,7431.975,7431.975,7431.975,710.959722222222,11,1,1,FALSE
6291,2,2,13189.3055555556,13189.3055555556,,13189.3055555556,13189.3055555556,13189.3055555556,8.26805555555556,11.5,1,1,FALSE
6292,1,1,,,,,,,430.644444444444,11,1,1,FALSE
6293,4,4,6688.39722222222,4962.83981481481,5115035.32809671,5797.66944444444,6688.39722222222,2402.45277777778,730.984027777778,12.25,1,1,FALSE
6294,3,3,3060.18333333333,4275.11527777778,2952119.25926312,4275.11527777778,5490.04722222222,3060.18333333333,304.399074074074,16,1,1,FALSE
6295,11,11,1918.82222222222,1512.20888888889,254289.765052812,1534.47916666667,2148.9,296.988888888889,64.1760101010101,13.0909090909091,1,1,FALSE
6296,14,14,1447.46388888889,1176.33162393162,180386.057338655,1155.25555555556,2037.22777777778,499.866666666667,579.020833333333,12.2142857142857,1,1,FALSE
6297,10,10,2067.36388888889,1704.2549382716,54064.7376693244,1690.27222222222,2067.36388888889,1291.93888888889,143.976111111111,13,1,1,FALSE
6298,2,2,10505.4416666667,10505.4416666667,,10505.4416666667,10505.4416666667,10505.4416666667,238.936111111111,14,1,1,FALSE
6299,2,2,15058.5555555556,15058.5555555556,,15058.5555555556,15058.5555555556,15058.5555555556,466.873611111111,14.5,1,1,FALSE
6300,2,2,9071.98611111111,9071.98611111111,,9071.98611111111,9071.98611111111,9071.98611111111,705.086111111111,13.5,1,1,FALSE
6301,1,1,,,,,,,383.025,12,1,1,FALSE
6302,1,1,,,,,,,428.094444444444,12,1,1,FALSE
6303,9,9,1870.20833333333,1890.49895833333,200446.673262649,1890.21527777778,2840.71111111111,1383.74722222222,5.32993827160494,16.2222222222222,1,1,FALSE
6304,6,6,2123.59444444444,3112.01111111111,5017459.44491898,2123.59444444444,6937.425,1258.1,168.15787037037,14,1,1,FALSE
6305,1,1,,,,,,,197.711111111111,12,1,1,FALSE
6306,1,1,,,,,,,2.71666666666667,12,1,1,FALSE
6307,10,10,1629.08333333333,1710.20802469136,488899.773885888,1666.725,3317.85555555556,794.938888888889,605.793055555555,13.9,1,1,FALSE
6308,2,2,5421.88055555556,5421.88055555556,,5421.88055555556,5421.88055555556,5421.88055555556,91.2791666666667,17,1,1,FALSE
6309,2,2,3755.98333333333,3755.98333333333,,3755.98333333333,3755.98333333333,3755.98333333333,4.08611111111111,16.5,1,1,FALSE
6310,3,3,6503.83888888889,5756.225,1117853.05371914,5756.225,6503.83888888889,5008.61111111111,618.002777777778,11.6666666666667,1,1,FALSE
6311,6,6,3599.67777777778,2976.34833333333,3147824.13063503,2718.17777777778,5693.81388888889,1425.05833333333,418.525,15,1,1,FALSE
6312,2,2,3591.45,3591.45,,3591.45,3591.45,3591.45,348.829166666667,13.5,1,1,FALSE
6313,1,1,,,,,,,2.94444444444444,13,1,1,FALSE
6314,2,2,4313.16388888889,4313.16388888889,,4313.16388888889,4313.16388888889,4313.16388888889,808.511111111111,13.5,1,1,FALSE
6315,4,4,4828.08611111111,3279.20092592593,2522719.29016461,3355.30833333333,4828.08611111111,1654.20833333333,214.372916666667,11.75,1,1,FALSE
6316,6,6,2443.15555555556,2519.66055555556,3382215.03138657,2443.15555555556,5346.72777777778,839.936111111111,330.305092592593,10.1666666666667,1,1,FALSE
6317,3,3,4543.57222222222,5233.10833333333,950920.097052469,5233.10833333333,5922.64444444444,4543.57222222222,80.9351851851852,17,1,1,FALSE
6318,9,9,1628.53888888889,1894.209375,298523.525132137,1697.46944444444,3238.775,1628.53888888889,128.161111111111,14.4444444444444,1,1,FALSE
6319,3,3,5274.50833333333,3688.06944444444,5033576.69635802,3688.06944444444,5274.50833333333,2101.63055555556,729.675,15.6666666666667,1,1,FALSE
6320,3,3,3593.66944444444,3951.53333333333,256133.125941358,3951.53333333333,4309.39722222222,3593.66944444444,386.002777777778,14,1,1,FALSE
6321,2,2,13440.9055555556,13440.9055555556,,13440.9055555556,13440.9055555556,13440.9055555556,1.40416666666667,13,1,1,FALSE
6322,4,4,3352.55,5049.03240740741,20017768.0248637,3352.55,10123.2916666667,1671.25555555556,311.134722222222,13.25,1,1,FALSE
6323,4,4,4352.63611111111,4226.15925925926,2330540.68082047,4352.63611111111,5685.59722222222,2640.24444444444,706.386111111111,13,1,1,FALSE
6324,2,2,14372.6416666667,14372.6416666667,,14372.6416666667,14372.6416666667,14372.6416666667,4.64722222222222,15,1,1,FALSE
6325,6,6,924.166666666667,2880.84888888889,2239530.40582022,2702.43611111111,5044.01111111111,924.166666666667,465.351851851852,14,1,1,FALSE
6326,3,3,3780.39444444444,2732.84444444444,2194722.005,2732.84444444444,3780.39444444444,1685.29444444444,156.546296296296,17.6666666666667,1,1,FALSE
6327,3,3,8433.33888888889,7096.95277777778,3571855.67594136,7096.95277777778,8433.33888888889,5760.56666666667,770.749074074074,12,1,1,FALSE
6328,3,3,2362.74166666667,2868.31666666667,511212.16125,2868.31666666667,3373.89166666667,2362.74166666667,352.965740740741,16,1,1,FALSE
6329,4,4,3648.23055555556,2800.26203703704,1489690.88593621,3351.16388888889,3648.23055555556,1401.39166666667,186.228472222222,12,1,1,FALSE
6330,7,7,2157.93055555556,2276.2662037037,2140841.23803524,1760.33472222222,5194.65277777778,1266.39444444444,297.456746031746,13.8571428571429,1,1,FALSE
6331,1,1,,,,,,,478.272222222222,15,1,1,FALSE
6332,3,3,6409.72777777778,4070.98472222222,10939438.1598187,4070.98472222222,6409.72777777778,1732.24166666667,674.640740740741,17.6666666666667,1,1,FALSE
6333,6,6,1470.92222222222,3031.13888888889,4961278.6356983,1911.36111111111,6704.55555555556,1470.92222222222,353.368518518518,12.3333333333333,1,1,FALSE
6334,4,4,1653.03055555556,5035.89537037037,34398036.8509285,1653.03055555556,11808.1944444444,1646.46111111111,334.327083333333,17.25,1,1,FALSE
6335,11,10,706.927777777778,1584.95527777778,4599309.75557862,951.2375,7649.46944444444,649.527777777778,544.766666666667,14.8181818181818,2,1,FALSE
6336,7,7,3362.68888888889,2041.10185185185,432938.36218107,1804.65555555556,3362.68888888889,1671.64166666667,93.7007936507937,14.2857142857143,1,1,FALSE
6337,4,4,4199.91388888889,4192.37314814815,583725.913814301,4199.91388888889,4952.59444444444,3424.61111111111,906.895138888889,8.75,1,1,FALSE
6338,1,1,,,,,,,461.697222222222,15,1,1,FALSE
6339,2,2,1737.825,1737.825,,1737.825,1737.825,1737.825,445.723611111111,12.5,1,1,FALSE
6340,5,5,1872.90277777778,3341.97152777778,1704473.12914288,3227.61527777778,5039.75277777778,1872.90277777778,363.78,19.6,1,1,FALSE
6341,2,2,7762.68333333333,7762.68333333333,,7762.68333333333,7762.68333333333,7762.68333333333,803.243055555556,11,1,1,FALSE
6342,2,2,14697.3555555556,14697.3555555556,,14697.3555555556,14697.3555555556,14697.3555555556,5.72083333333333,12.5,1,1,FALSE
6343,5,4,421.336111111111,1246.375,1637228.94154321,709.972222222222,3144.21944444444,421.336111111111,623.923333333333,14.2,3,2,FALSE
6344,5,5,3840.08611111111,3480.3625,57638.4947556585,3365.38333333333,3840.08611111111,3350.59722222222,96.7594444444445,15.8,1,1,FALSE
6345,7,6,1213.13055555556,1703.32962962963,684976.339965021,1445.40555555556,2824.90555555556,896.997222222222,700.021825396825,16.1428571428571,1,1.5,FALSE
6346,3,3,8402.86111111111,7561.30555555555,1416431.50617284,7561.30555555555,8402.86111111111,6719.75,191.362962962963,16,1,1,FALSE
6347,33,32,284.244444444444,503.555989583333,240572.004841751,360.508333333333,2656.59444444444,19.9416666666667,395.222390572391,14.6363636363636,2,2.5,FALSE
6348,7,7,2163.11111111111,2399.8462962963,348954.593273663,2165.69861111111,3358.18055555556,1907.31388888889,3.6702380952381,16.1428571428571,1,1,FALSE
6349,3,3,5977.32777777778,7341.06111111111,3719537.20888889,7341.06111111111,8704.79444444444,5977.32777777778,698.773148148148,15.3333333333333,1,1,FALSE
6350,4,4,9151.40277777778,4811.54907407407,17692798.912356,4530.28611111111,9151.40277777778,752.958333333333,700.249305555555,14.5,1,1,FALSE
6351,1,1,,,,,,,571.297222222222,16,1,1,FALSE
6352,1,1,,,,,,,306.252777777778,16,1,1,FALSE
6353,2,2,6020.41944444444,6020.41944444444,,6020.41944444444,6020.41944444444,6020.41944444444,827.715277777778,15,1,1,FALSE
6354,5,3,3397.62222222222,2302.86180555556,5283811.71492991,1983.89444444444,5014.23611111111,229.422222222222,609.623888888889,12.6,1,2,FALSE
6355,6,6,2464.97777777778,3040.64222222222,1960609.46349306,2464.97777777778,5165.05555555556,1578.29444444444,622.275,14,1,1,FALSE
6356,1,1,,,,,,,17.125,17,1,1,FALSE
6357,6,6,3849.52777777778,3119.62444444444,2135444.54890201,3354.61666666667,5044.11944444445,1480.21388888889,117.92037037037,16,1,1,FALSE
6358,9,8,1697.07222222222,1894.14965277778,620239.847571511,1808.70555555556,3667.81388888889,927.908333333333,352.987962962963,16.3333333333333,2,1,FALSE
6359,2,2,9952.51111111111,9952.51111111111,,9952.51111111111,9952.51111111111,9952.51111111111,152.756944444444,12.5,1,1,FALSE
6360,2,2,10116.5444444444,10116.5444444444,,10116.5444444444,10116.5444444444,10116.5444444444,489.318055555556,16,1,1,FALSE
6361,4,4,266.608333333333,3996.74074074074,10768138.1063606,5284.98611111111,6438.62777777778,266.608333333333,266.554861111111,17,1,1.5,FALSE
6362,15,14,507.861111111111,1112.25972222222,410143.179542676,1183.13472222222,2877.80555555556,2.26666666666667,353.992592592593,15.4,1,2,FALSE
6363,3,3,3350.53333333333,4323.325,1892647.25347222,4323.325,5296.11666666667,3350.53333333333,391.488888888889,18.3333333333333,1,1,FALSE
6364,2,2,10783.3861111111,10783.3861111111,,10783.3861111111,10783.3861111111,10783.3861111111,124.952777777778,20,1,1,FALSE
6365,1,1,,,,,,,5.97222222222222,19,1,1,FALSE
6366,3,3,6003.34444444444,3938.59027777778,8526419.53753472,3938.59027777778,6003.34444444444,1873.83611111111,938.564814814815,13,1,1,FALSE
6367,3,3,5061.31388888889,7812.25277777778,15135329.5408025,7812.25277777778,10563.1916666667,5061.31388888889,329.058333333333,18.3333333333333,1,1,FALSE
6368,2,2,3875.24722222222,3875.24722222222,,3875.24722222222,3875.24722222222,3875.24722222222,254.623611111111,18.5,1,1,FALSE
6369,2,2,9367.63055555556,9367.63055555556,,9367.63055555556,9367.63055555556,9367.63055555556,615.344444444444,20.5,1,1,FALSE
6370,2,2,9167.53888888889,9167.53888888889,,9167.53888888889,9167.53888888889,9167.53888888889,803.3125,18.5,1,1,FALSE
6371,4,4,4347.58055555556,3303.96759259259,2004655.36345936,3872.02777777778,4347.58055555556,1692.29444444444,928.153472222222,17.25,1,1,FALSE
6372,1,1,,,,,,,509.383333333333,21,1,1,FALSE
6373,7,7,2158.84722222222,2560.59259259259,196352.537696502,2520.89722222222,3052.60277777778,2151.86666666667,4.36190476190476,20.2857142857143,1,1,FALSE
6374,5,5,3767.16666666667,1771.29097222222,1777466.99834041,1151.69166666667,3767.16666666667,1014.61388888889,554.396111111111,13.4,1,1,FALSE
6375,1,1,,,,,,,539.019444444445,21,1,1,FALSE
6376,1,1,,,,,,,62.3388888888889,21,1,1,FALSE
6377,7,7,3601.39722222222,2321.03425925926,799462.009906379,1982.14722222222,3601.39722222222,1438.93333333333,58.4230158730159,19.7142857142857,1,1,FALSE
6378,5,5,1667.10277777778,3596.49791666667,13463787.1012159,1810.83472222222,9097.21944444444,1667.10277777778,557.386111111111,22.2,1,1,FALSE
6379,5,5,1664.975,2098.68333333333,1023411.14531379,1667.45,3608.42777777778,1451.40555555556,125.777777777778,22.4,1,1,FALSE
6380,2,2,3119.12222222222,3119.12222222222,,3119.12222222222,3119.12222222222,3119.12222222222,600.823611111111,22,1,1,FALSE
6381,2,2,7541.10555555556,7541.10555555556,,7541.10555555556,7541.10555555556,7541.10555555556,947.447222222222,16.5,1,1,FALSE
6382,14,14,954.858333333333,1114.74444444444,1201057.57705633,983.113888888889,3213.00555555556,2.42777777777778,760.039285714286,18.7142857142857,1,1,FALSE
6383,3,3,5986.10833333333,7625.24444444444,5373534.38149691,7625.24444444444,9264.38055555555,5986.10833333333,108.483333333333,18,1,1,FALSE
6384,3,3,5128.03055555556,4976.96527777778,45641.4363001543,4976.96527777778,5128.03055555556,4825.9,86.5342592592593,15.3333333333333,1,1,FALSE
6385,2,2,15152.2472222222,15152.2472222222,,15152.2472222222,15152.2472222222,15152.2472222222,158.873611111111,20.5,1,1,FALSE
6386,2,2,5748.61944444444,5748.61944444444,,5748.61944444444,5748.61944444444,5748.61944444444,50.475,22.5,1,1,FALSE
6387,8,8,1935.42222222222,1922.56944444444,490907.770591564,1668.76666666667,3475.84444444444,1435.375,448.758333333333,17.875,1,1,FALSE
6388,2,2,4199.99444444444,4199.99444444444,,4199.99444444444,4199.99444444444,4199.99444444444,696.65,16,1,1,FALSE
6389,3,3,2894.43611111111,2524.16666666667,274198.922978395,2524.16666666667,2894.43611111111,2153.89722222222,193.149074074074,22,1,1,FALSE
6390,5,5,3369.09444444444,3799.81805555556,4353625.79948817,3360.00138888889,6718.23888888889,1761.03055555556,4.98666666666667,17.6,1,1,FALSE
6391,6,6,1934.94722222222,2642.22944444444,1195373.7215841,2482.43888888889,4475.18611111111,1695.86666666667,557.201851851852,20.6666666666667,1,1,FALSE
6392,2,1,,13.1694444444444,,13.1694444444444,13.1694444444444,13.1694444444444,22.8069444444444,11.5,1,1.5,FALSE
6393,4,4,1715.26111111111,2257.51851851852,877370.529447016,1718.19166666667,3339.10277777778,1715.26111111111,296.707638888889,20.75,1,1,FALSE
6394,5,5,1683.64166666667,3844.28333333333,18662177.6291204,1698.87222222222,10324.1444444444,1655.24444444444,4.84611111111111,21.6,1,1,FALSE
6395,3,3,1932.77777777778,4737.26111111111,15730253.5338889,4737.26111111111,7541.74444444444,1932.77777777778,129.775,12,1,1,FALSE
6396,2,2,13.1694444444444,13.1694444444444,,13.1694444444444,13.1694444444444,13.1694444444444,22.8069444444444,11.5,1,1.5,FALSE
6397,8,8,775.397222222222,2232.19801587302,1758825.5477899,1814.15833333333,4633.06944444444,775.397222222222,516.325694444444,17.125,1,1,FALSE
6398,6,6,3363.49166666667,3062.69444444444,253270.147932099,3312.70833333333,3461.60833333333,2234.29722222222,5.6337962962963,10.5,1,1,FALSE
6399,1,1,,,,,,,6.83055555555556,4,1,1,FALSE
6400,2,2,10171.2194444444,10171.2194444444,,10171.2194444444,10171.2194444444,10171.2194444444,68.3569444444445,13.5,1,1,FALSE
6401,3,3,1682.38611111111,7557.45694444444,69032914.5933681,7557.45694444444,13432.5277777778,1682.38611111111,545.941666666667,6.33333333333333,1,1,FALSE
6402,6,6,3114.96388888889,2806.19277777778,536424.038671296,2885.97222222222,3827.22222222222,2038.02777777778,18.9939814814815,9.5,1,1,FALSE
6403,7,7,1677.86388888889,2520.16111111111,1981624.46131481,1681.39583333333,5045.88611111111,1676.88611111111,562.159920634921,7,1,1,FALSE
6404,3,3,612.097222222222,1883.50277777778,3232944.17339506,1883.50277777778,3154.90833333333,612.097222222222,205.387962962963,13,2,2,FALSE
6405,4,4,8993.03888888889,4844.39537037037,12958434.8329655,2993.68611111111,8993.03888888889,2546.46111111111,580.201388888889,13.5,1,1,FALSE
6406,4,4,5494.93888888889,3495.84074074074,3638798.15818158,3297.23055555556,5494.93888888889,1695.35277777778,255.213888888889,10,1,1,FALSE
6407,3,3,1916.79722222222,3360.34027777778,4167633.10648534,3360.34027777778,4803.88333333333,1916.79722222222,359.662037037037,8,1,1,FALSE
6408,4,4,1791.625,5040.1,11871298.228341,4675.15277777778,8653.52222222222,1791.625,2.62916666666667,14,1,1,FALSE
6409,2,2,4892.35,4892.35,,4892.35,4892.35,4892.35,681.723611111111,15.5,1,1,FALSE
6410,9,9,1680.80277777778,1890.50798611111,336346.146339148,1682.68194444444,3312.95277777778,1568.76944444444,451.099691358025,10.8888888888889,1,1,FALSE
6411,2,2,8127.93888888889,8127.93888888889,,8127.93888888889,8127.93888888889,8127.93888888889,778.270833333333,10.5,1,1,FALSE
6412,1,1,,,,,,,478.066666666667,9,1,1,FALSE
6413,8,8,1683.48888888889,2160.31428571429,661571.254975382,1693.68888888889,3352.625,1664.14444444444,482.910416666667,9,1,1,FALSE
6414,4,4,4456.42222222222,4843.79259259259,3007540.12325874,4456.42222222222,6738.94722222222,3336.00833333333,251.530555555556,17.5,1,1,FALSE
6415,6,6,3346.04444444444,2685.48555555556,830684.636587191,3346.04444444444,3359.71111111111,1686.59444444444,3.72824074074074,9.33333333333333,1,1,FALSE
6416,3,3,4305.575,2153.66111111111,9261466.7703858,2153.66111111111,4305.575,1.74722222222222,825.210185185185,9.66666666666667,1,1,FALSE
6417,4,4,1905.81111111111,4534.12962962963,5812123.86278807,5053.88333333333,6642.69444444444,1905.81111111111,391.879861111111,13.75,1,1,FALSE
6418,2,2,15072.9194444444,15072.9194444444,,15072.9194444444,15072.9194444444,15072.9194444444,679.7375,11.5,1,1,FALSE
6419,4,4,3788.15833333333,5083.51018518519,1717255.33757202,5053.83611111111,6408.53611111111,3788.15833333333,489.416666666667,16.25,1,1,FALSE
6420,1,1,,,,,,,482.369444444444,9,1,1,FALSE
6421,2,2,13389.9777777778,13389.9777777778,,13389.9777777778,13389.9777777778,13389.9777777778,511.011111111111,11.5,1,1,FALSE
6422,6,6,3549.38611111111,3072.52,1796078.48724306,2684.3,5163.88611111111,1814.94444444444,245.519907407407,13.3333333333333,1,1,FALSE
6423,3,3,9089.69722222222,5574.41666666667,24714394.768534,5574.41666666667,9089.69722222222,2059.13611111111,48.1212962962963,15.3333333333333,1,1,FALSE
6424,5,5,8748.14444444444,3476.13055555556,12555077.6291204,1929.74027777778,8748.14444444444,1296.89722222222,415.941666666667,16,1,1,FALSE
6425,2,2,9587.59444444444,9587.59444444444,,9587.59444444444,9587.59444444444,9587.59444444444,657.522222222222,10.5,1,1,FALSE
6426,3,3,3825.78888888889,3835.30416666667,181.081022376543,3835.30416666667,3844.81944444444,3825.78888888889,582.228703703704,10.6666666666667,1,1,FALSE
6427,4,4,2337.86388888889,4627.82222222222,4917467.13270833,4780.56388888889,6765.03888888889,2337.86388888889,6.90069444444444,14.5,1,1,FALSE
6428,7,7,3306.09166666667,2267.59305555556,1169924.06081096,1720.1875,3948.4,1340.62222222222,537.463492063492,15,1,1,FALSE
6429,5,5,1864.27222222222,3417.65208333333,3447751.64744534,2880.4375,6045.46111111111,1864.27222222222,388.769444444444,12.6,1,1,FALSE
6430,4,4,3565.49444444444,5083.68611111111,19928205.7107022,3565.49444444444,10108.8722222222,1576.69166666667,538.815277777778,14.25,1,1,FALSE
6431,6,6,1658.80277777778,1994.92111111111,707315.699234568,1849.06388888889,3086.74722222222,878.525,681.353703703704,15.1666666666667,1,1,FALSE
6432,3,3,6615.67777777778,4209.87222222222,11575800.742284,4209.87222222222,6615.67777777778,1804.06666666667,225.292592592593,13.6666666666667,1,1,FALSE
6433,3,3,11688.0888888889,7875.65277777778,29069338.202608,7875.65277777778,11688.0888888889,4063.21666666667,471.862962962963,16.3333333333333,1,1,FALSE
6434,2,2,6956.56666666667,6956.56666666667,,6956.56666666667,6956.56666666667,6956.56666666667,103.804166666667,11,1,1,FALSE
6435,6,6,3594.39166666667,2916.95666666667,276805.426753858,2643.68333333333,3594.39166666667,2392.61944444444,384.54212962963,12.6666666666667,1,1,FALSE
6436,2,2,15336.8222222222,15336.8222222222,,15336.8222222222,15336.8222222222,15336.8222222222,479.290277777778,12,1,1,FALSE
6437,5,5,2293.27222222222,3208.61805555556,1351660.65208076,2871.21805555556,4798.76388888889,2293.27222222222,3.60388888888889,15.8,1,1,FALSE
6438,11,11,1895.10833333333,1512.55527777778,95046.7610604424,1674.03194444444,1895.10833333333,938.661111111111,678.013636363636,13,1,1,FALSE
6439,5,5,3816.56111111111,3061.43055555556,1540239.7319856,3251.93055555556,4256.2,1485.66111111111,196.596111111111,12.6,1,1,FALSE
6440,5,5,3340.58333333333,2977.14791666667,608143.345161394,3271.31666666667,3539.91944444444,1826.03888888889,350.383333333333,16.8,1,1,FALSE
6441,7,7,3334.75277777778,2631.45231481481,290694.812226595,2544.94861111111,3334.75277777778,1925.66111111111,534.271428571429,14,1,1,FALSE
6442,1,1,,,,,,,427.9,13,1,1,FALSE
6443,2,2,6980.53333333333,6980.53333333333,,6980.53333333333,6980.53333333333,6980.53333333333,5.63611111111111,12.5,1,1,FALSE
6444,1,1,,,,,,,690.227777777778,14,1,1,FALSE
6445,2,2,10116.8666666667,10116.8666666667,,10116.8666666667,10116.8666666667,10116.8666666667,696.168055555556,12.5,1,1,FALSE
6446,3,3,1677.39722222222,7890.69027777778,77210021.1884298,7890.69027777778,14103.9833333333,1677.39722222222,237.332407407407,16.6666666666667,1,1,FALSE
6447,5,5,2111.68333333333,2144.62430555556,214291.975017361,2253.14583333333,2563.23888888889,1508.96666666667,642.394444444445,16.4,1,1,FALSE
6448,1,1,,,,,,,715.580555555556,15,1,1,FALSE
6449,1,1,,,,,,,176.294444444444,15,1,1,FALSE
6450,5,4,229.422222222222,2302.86180555556,5283811.71492991,1983.89444444444,5014.23611111111,229.422222222222,609.623888888889,12.6,1,2,FALSE
6451,5,5,4812.97222222222,3597.775,5265118.66611626,3971.34027777778,5852.94166666667,595.477777777778,239.275,12.8,1,1,FALSE
6452,10,10,1983.18333333333,1711.89660493827,1177393.62946523,1682.31388888889,4072.475,271.847222222222,626.148888888889,11.2,1,1,FALSE
6453,1,1,,,,,,,22.1444444444444,16,1,1,FALSE
6454,6,6,1387.86666666667,2057.725,679899.832087191,1881.11944444444,3434.53888888889,1387.86666666667,849.734259259259,16.6666666666667,1,1,FALSE
6455,3,3,2862.49722222222,4947.26666666667,8692527.2729784,4947.26666666667,7032.03611111111,2862.49722222222,247.837037037037,15,1,1,FALSE
6456,1,1,,,,,,,2.89444444444444,17,1,1,FALSE
6457,2,2,3415.38333333333,3415.38333333333,,3415.38333333333,3415.38333333333,3415.38333333333,709.115277777778,14,1,1,FALSE
6458,1,1,,,,,,,0.327777777777778,17,1,1,FALSE
6459,7,7,2636.25555555556,2525.30092592593,588371.843014403,2645.89722222222,3340.81666666667,1188.10833333333,777.911904761905,16.8571428571429,1,1,FALSE
6460,7,7,1778.17777777778,1716.76064814815,26196.7689117798,1740.53888888889,1931.66944444444,1448.29166666667,206.077380952381,14.7142857142857,1,1,FALSE
6461,3,3,5776.28611111111,6469.63055555556,961453.037283951,6469.63055555556,7162.975,5776.28611111111,493.242592592593,18,1,1,FALSE
6462,2,2,5086.84444444444,5086.84444444444,,5086.84444444444,5086.84444444444,5086.84444444444,729.926388888889,15.5,1,1,FALSE
6463,4,4,4088.57222222222,5048.70740740741,695181.031484053,5467.24166666667,5590.30833333333,4088.57222222222,649.325694444444,15.75,1,1,FALSE
6464,3,3,3362.73888888889,2632.25694444444,1067207.74231867,2632.25694444444,3362.73888888889,1901.775,555.298148148148,19.6666666666667,1,1,FALSE
6465,3,3,11105.7194444444,7357.84444444444,28093134.03125,7357.84444444444,11105.7194444444,3609.96944444444,1120.33703703704,14,1,1,FALSE
6466,2,2,10799.8277777778,10799.8277777778,,10799.8277777778,10799.8277777778,10799.8277777778,2.55833333333333,19,1,1,FALSE
6467,8,8,1682.7,2156.73293650794,325722.660397193,1894.925,3119.84444444444,1673.19166666667,10.9736111111111,19.375,1,1,FALSE
6468,5,5,2954.57222222222,3834.42986111111,576971.935289995,3787.38611111111,4808.375,2954.57222222222,529.917222222222,20,1,1,FALSE
6469,5,5,4110.275,3971.07708333333,586312.07557806,3881.65138888889,4961.17222222222,3159.83333333333,153.115,15,1,1,FALSE
6470,3,3,4848.09166666667,7575.825,14881058.2755556,7575.825,10303.5583333333,4848.09166666667,12.0342592592593,18,1,1,FALSE
6471,6,6,3354.46944444444,3025.24833333333,1278658.17919985,3354.46944444444,4557.89722222222,1687.46666666667,13.0393518518519,20.6666666666667,1,1,FALSE
6472,5,5,4814.84722222222,3899.96805555556,1110087.15543981,4192.40555555556,4814.84722222222,2400.21388888889,81.2361111111111,19,1,1,FALSE
6473,1,1,,,,,,,694.872222222222,22,1,1,FALSE
6474,3,3,5159.78888888889,4209.79027777778,1804994.72222608,4209.79027777778,5159.78888888889,3259.79166666667,750.263888888889,18.3333333333333,1,1,FALSE
6475,3,3,5044.1,5885.05,1414393.805,5885.05,6726,5044.1,35.3851851851852,22.3333333333333,1,1,FALSE
6476,6,5,1099.85555555556,3162.74,10656457.0609437,1328.69444444444,8395.73055555556,660.330555555556,1033.26342592593,11.1666666666667,1,1.5,FALSE
6477,4,4,4206.15555555556,5078.10092592593,14072646.5273328,4206.15555555556,9188.63888888889,1839.50833333333,36.4805555555556,11.25,1,1,FALSE
6478,1,1,,,,,,,502.263888888889,3,1,1,FALSE
6479,2,2,9905.90555555556,9905.90555555556,,9905.90555555556,9905.90555555556,9905.90555555556,561.693055555555,12,1,1,FALSE
6480,3,3,6572.60833333333,5745.58194444444,1367945.29583719,5745.58194444444,6572.60833333333,4918.55555555556,648.941666666667,11.3333333333333,1,1,FALSE
6481,2,2,14548.9472222222,14548.9472222222,,14548.9472222222,14548.9472222222,14548.9472222222,1181.57083333333,14.5,1,1,FALSE
6482,6,6,1214.84722222222,3167.59944444444,2700895.61950386,2954.96944444444,5332.16111111111,1214.84722222222,621.161574074074,11.6666666666667,1,1,FALSE
6483,2,2,6715.81944444444,6715.81944444444,,6715.81944444444,6715.81944444444,6715.81944444444,685.801388888889,10,1,1,FALSE
6484,4,4,3587.53611111111,2959.94722222222,7293292.1789892,3587.53611111111,5291.50555555556,0.8,239.361805555556,11,1,1,FALSE
6485,5,5,1676.06111111111,3360.00763888889,6008773.72678691,2627.37222222222,6744.93611111111,1440.35,760.011666666667,11.4,1,1,FALSE
6486,2,2,6952.91666666667,6952.91666666667,,6952.91666666667,6952.91666666667,6952.91666666667,786.7,11.5,1,1,FALSE
6487,7,7,1151.175,2475.02268518518,2703019.26190561,1715.27916666667,5021.83333333333,1151.175,599.173412698413,14.2857142857143,1,1,FALSE
6488,6,6,1436.68333333333,2732.09722222222,5615590.82146991,1682.75555555556,6960.45833333333,1436.68333333333,924.651388888889,12,1,1,FALSE
6489,5,5,2090.87777777778,2380.43194444444,1019296.08538323,2009.13611111111,3868.21388888889,1635.24166666667,744.880555555556,19,1,1,FALSE
6490,2,2,1101.41111111111,1101.41111111111,,1101.41111111111,1101.41111111111,1101.41111111111,232.704166666667,17,1,1,FALSE
6491,3,3,11005.45,5887.72222222222,52382275.2148765,5887.72222222222,11005.45,769.994444444444,161.696296296296,12.3333333333333,1,1,FALSE
6492,1,1,,,,,,,20.9305555555556,12,1,1,FALSE
6493,1,1,,,,,,,903.75,12,1,1,FALSE
6494,2,2,13383.9361111111,13383.9361111111,,13383.9361111111,13383.9361111111,13383.9361111111,749.180555555556,15.5,1,1,FALSE
6495,2,2,14111.2,14111.2,,14111.2,14111.2,14111.2,582.554166666667,15.5,1,1,FALSE
6496,2,2,13175.2472222222,13175.2472222222,,13175.2472222222,13175.2472222222,13175.2472222222,1077.27777777778,14,1,1,FALSE
6497,9,9,1927.09722222222,1923.478125,662278.553285797,1793.80555555556,3721.38888888889,921.844444444444,212.925617283951,13.5555555555556,1,1,FALSE
6498,6,6,2602.025,2742.59888888889,185123.479107253,2699.54722222222,3166.95,2117.34444444444,7.68240740740741,12.8333333333333,1,1,FALSE
6499,7,7,1474.26666666667,2432.97268518519,6770662.04737474,1618.7375,6268.63888888889,13.0638888888889,1172.8630952381,14.8571428571429,1,1,FALSE
6500,8,8,1665.625,2157.70277777778,486110.92658179,1862.38055555556,3389.95277777778,1508.53055555556,659.771180555556,14.375,1,1,FALSE
6501,10,10,1706.49722222222,1685.3262345679,163.565372513718,1682.76944444444,1706.49722222222,1667.36111111111,5.87916666666667,11.3,1,1,FALSE
6502,1,1,,,,,,,951.580555555556,14,1,1,FALSE
6503,2,2,3610.7,3610.7,,3610.7,3610.7,3610.7,10.2055555555556,13.5,1,1,FALSE
6504,13,13,914.758333333333,1336.08773148148,951377.018655244,1123.60972222222,3947.28333333333,284.158333333333,269.49594017094,14.8461538461538,2,2,TRUE
6505,2,2,9829.60277777778,9829.60277777778,,9829.60277777778,9829.60277777778,9829.60277777778,602.891666666667,15.5,1,1,FALSE
6506,1,1,,,,,,,917.247222222222,15,1,1,FALSE
6507,4,4,4825.50277777778,4946.8787037037,93515.3763683126,4825.50277777778,5294.73611111111,4720.39722222222,1066.33263888889,17.5,1,1,FALSE
6508,1,1,,,,,,,962.819444444444,16,1,1,FALSE
6509,5,5,1456.675,3830.5375,9162269.24813014,2850.2375,8165,1456.675,960.711111111111,15.6,1,1,FALSE
6510,7,7,1744.78611111111,2553.47777777778,1725328.04353086,1902.57777777778,4993.14444444444,1693.94722222222,893.973412698413,13.2857142857143,1,1,FALSE
6511,24,24,888.227777777778,615.029106280193,910517.873328332,192.113888888889,3316.21388888889,0.608333333333333,284.389930555556,12.7083333333333,1,1.5,FALSE
6512,1,1,,,,,,,904.308333333333,16,1,1,FALSE
6513,8,8,698.066666666667,2189.01388888889,2824647.98932099,1559.60833333333,5366.35833333333,698.066666666667,209.867361111111,16.625,2,2,FALSE
6514,1,1,,,,,,,872.313888888889,18,1,1,FALSE
6515,4,4,6476.84444444444,4739.81944444444,9301048.7439892,6476.84444444444,6524.25,1218.36388888889,555.815277777778,16,1,1,FALSE
6516,3,3,3386.13333333333,5187.41805555556,6489253.30102238,5187.41805555556,6988.70277777778,3386.13333333333,710.862962962963,15,1,1,FALSE
6517,3,3,3820.875,2033.02638888889,6392805.31250386,2033.02638888889,3820.875,245.177777777778,391.725925925926,19,1,1,FALSE
6518,4,4,5098.38055555556,4491.26018518519,941364.288713992,5003.125,5098.38055555556,3372.275,504.729166666667,15.25,1,1,FALSE
6519,2,2,6499.25,6499.25,,6499.25,6499.25,6499.25,497.615277777778,17,1,1,FALSE
6520,2,2,3608.88888888889,3608.88888888889,,3608.88888888889,3608.88888888889,3608.88888888889,731.702777777778,19.5,1,1,FALSE
6521,2,2,3442.52777777778,3442.52777777778,,3442.52777777778,3442.52777777778,3442.52777777778,3.60416666666667,16,1,1,FALSE
6522,3,3,4103.45,4569.3875,434195.5078125,4569.3875,5035.325,4103.45,20.3388888888889,20,1,1,FALSE
6523,1,1,,,,,,,881.619444444444,22,1,1,FALSE
6524,3,3,6600.12777777778,4103.25972222222,12468700.1737076,4103.25972222222,6600.12777777778,1606.39166666667,879.189814814815,16.6666666666667,1,1,FALSE
6525,7,7,1440.45555555556,2533.85972222222,2025164.98811343,2088.01527777778,4638.90833333333,1202.34722222222,837.464285714286,19.7142857142857,1,1,FALSE
6526,1,1,,,,,,,1036.59722222222,22,1,1,FALSE
6527,15,14,731.991666666667,1181.38234126984,1638911.19316905,710.638888888889,4810.50555555556,229.588888888889,693.142962962963,17.5333333333333,1,2,FALSE
6528,2,2,8806.38611111111,8806.38611111111,,8806.38611111111,8806.38611111111,8806.38611111111,4.73194444444444,6.5,1,1,FALSE
6529,1,1,,,,,,,1015.18611111111,3,1,1,FALSE
6530,1,1,,,,,,,1079.84444444444,3,1,1,FALSE
6531,1,1,,,,,,,1086.70555555556,8,1,1,FALSE
6532,1,1,,,,,,,1131.59722222222,8,1,1,FALSE
6533,4,4,4952.47777777778,4476.52685185185,2420042.79861368,4952.47777777778,5738.6,2738.50277777778,941.656944444444,13.25,1,1,FALSE
6534,2,2,2763.06111111111,2763.06111111111,,2763.06111111111,2763.06111111111,2763.06111111111,566.468055555556,14,1,1,FALSE
6535,1,1,,,,,,,1119.89166666667,9,1,1,FALSE
6536,3,3,8370.89444444444,6675.05416666667,5751748.49546682,6675.05416666667,8370.89444444444,4979.21388888889,1111.0037037037,14,1,1,FALSE
6537,2,2,6940.11944444444,6940.11944444444,,6940.11944444444,6940.11944444444,6940.11944444444,1018.6,11,1,1,FALSE
6538,5,5,3829.20277777778,3827.19375,1238795.69183835,4091.76944444444,4846.85,2278.38611111111,185.078333333333,12,1,1,FALSE
6539,5,5,6141.45,3634.46597222222,3763012.37369535,3491.19583333333,6141.45,1414.02222222222,6.10222222222222,19.6,1,1,FALSE
6540,5,5,3278.56944444444,3992.95763888889,964042.792748843,3808.75,5224.59444444444,3129.73611111111,681.319444444444,17.4,1,1,FALSE
6541,7,7,3997.80277777778,2627.86712962963,1271150.83391795,2536.36527777778,3997.80277777778,1473.80555555556,617.688492063492,17.1428571428571,1,1,FALSE
6542,5,5,1680.38611111111,3334.34236111111,5913490.54267683,2576.75972222222,6722.30277777778,1461.54722222222,1282.13888888889,13.2,1,1,FALSE
6543,7,7,3726.02222222222,2025.24675925926,694269.085059928,1685.7375,3726.02222222222,1676.775,211.215873015873,20.5714285714286,1,1,FALSE
6544,1,1,,,,,,,1158.40833333333,12,1,1,FALSE
6545,2,2,6423.63611111111,6423.63611111111,,6423.63611111111,6423.63611111111,6423.63611111111,1322.25555555556,15,1,1,FALSE
6546,4,4,5001.53055555556,5337.71203703704,2078405.51489455,5001.53055555556,6917.76666666667,4093.83888888889,714.439583333333,15.5,1,1,FALSE
6547,5,5,3813.175,3833.77569444444,11930912.1750276,3462.96527777778,8387.73333333333,21.4388888888889,6.80611111111111,13.8,1,1,FALSE
6548,3,3,3781.79166666667,7880.60833333333,33600596.1338889,7880.60833333333,11979.425,3781.79166666667,798.231481481481,16.6666666666667,1,1,FALSE
6549,1,1,,,,,,,762.255555555556,13,1,1,FALSE
6550,8,8,2164.975,2262.37817460317,864180.396634333,2164.975,3482.22222222222,1186.21111111111,604.249652777778,15,1,1,FALSE
6551,4,4,5507.78888888889,4790.11296296296,5826448.60007202,5507.78888888889,6763.68888888889,2098.86111111111,430.186111111111,16,1,1,FALSE
6552,1,1,,,,,,,1147.79722222222,14,1,1,FALSE
6553,4,4,3346.53611111111,2636.02777777778,403406.633942901,2438.22222222222,3346.53611111111,2123.325,102.688194444444,13.75,1,1,FALSE
6554,3,3,4937.04722222222,6705.98472222222,6258279.7578125,6705.98472222222,8474.92222222222,4937.04722222222,851.12962962963,10.3333333333333,1,1,FALSE
6555,5,5,4968.18333333333,3818.98541666667,6228319.57353588,3740.51666666667,6694.41666666667,1100.49166666667,568.863888888889,14.8,1,1,FALSE
6556,2,2,11047.0472222222,11047.0472222222,,11047.0472222222,11047.0472222222,11047.0472222222,637.708333333333,13.5,1,1,FALSE
6557,7,7,3335.04166666667,2518.31805555556,1138576.23110417,2705.79027777778,3737.91388888889,1169.64166666667,879.47380952381,14.8571428571429,1,1,FALSE
6558,5,5,2586.78611111111,2713.33958333333,1081812.6845544,2348.31388888889,4218.26111111111,1938.46944444444,513.936111111111,16.8,1,1,FALSE
6559,4,4,3549.86388888889,5031.7037037037,2962492.74146862,4625.625,6919.62222222222,3549.86388888889,5.54791666666667,15.75,1,1,FALSE
6560,4,4,3350.34444444444,4637.42037037037,2695499.54729424,4075.52222222222,6486.39444444444,3350.34444444444,1102.98541666667,15.25,1,1,FALSE
6561,1,1,,,,,,,1186.31666666667,15,1,1,FALSE
6562,2,2,4320.91388888889,4320.91388888889,,4320.91388888889,4320.91388888889,4320.91388888889,123.194444444444,15,1,1,FALSE
6563,3,3,8663.03055555556,7311.6375,3652526.38120756,7311.6375,8663.03055555556,5960.24444444444,1.31851851851852,14.3333333333333,1,1,FALSE
6564,2,2,9236.24722222222,9236.24722222222,,9236.24722222222,9236.24722222222,9236.24722222222,770.284722222222,9,1,1,FALSE
6565,1,1,,,,,,,531.294444444444,15,1,1,FALSE
6566,3,3,11970.7055555556,8133.00972222222,29455818.6183681,8133.00972222222,11970.7055555556,4295.31388888889,101.547222222222,17.6666666666667,1,1,FALSE
6567,3,3,8853.79166666667,6830.64444444444,8186249.36557098,6830.64444444444,8853.79166666667,4807.49722222222,472.024074074074,16.6666666666667,1,1,FALSE
6568,1,1,,,,,,,1012.45833333333,15,1,1,FALSE
6569,7,7,1712.13888888889,2651.2537037037,7294533.01411009,1677.54722222222,8148.88055555556,1202.85555555556,536.296428571429,12.2857142857143,1,1,FALSE
6570,11,11,1736.01666666667,1515.69194444444,931775.440875257,1657.07222222222,3696.50277777778,2.51388888888889,1114.03106060606,12.0909090909091,1,1,FALSE
6571,8,8,2588.14166666667,2324.69642857143,752393.10425338,2458.38333333333,3351.99166666667,933.669444444444,573.187152777778,17.5,1,1,FALSE
6572,1,1,,,,,,,820.25,16,1,1,FALSE
6573,4,4,4875.02777777778,5362.59722222222,19966790.3097299,4875.02777777778,10054.8083333333,1157.95555555556,685.088888888889,13.25,1,1,FALSE
6574,1,1,,,,,,,1189.83888888889,16,1,1,FALSE
6575,1,1,,,,,,,1193.46944444444,16,1,1,FALSE
6576,1,1,,,,,,,536.097222222222,16,1,1,FALSE
6577,1,1,,,,,,,1202.81111111111,17,1,1,FALSE
6578,7,7,1711.05833333333,2480.13981481481,3773459.44103909,1692.27083333333,6445.19444444444,1666.81666666667,984.712698412699,14.7142857142857,1,1,FALSE
6579,5,5,2703.81388888889,4018.48472222222,13254649.8915046,2519.30416666667,9435.93611111111,1599.39444444444,314.873333333333,14.4,1,1,FALSE
6580,1,1,,,,,,,1219.11666666667,17,1,1,FALSE
6581,2,2,15174.7194444444,15174.7194444444,,15174.7194444444,15174.7194444444,15174.7194444444,1061.59583333333,14.5,1,1,FALSE
6582,2,2,5029.23055555555,5029.23055555555,,5029.23055555555,5029.23055555555,5029.23055555555,814.416666666667,18.5,1,1,FALSE
6583,1,1,,,,,,,1187.58611111111,18,1,1,FALSE
6584,4,4,5070.66666666667,4230.59722222222,720901.622523149,4248.3,5070.66666666667,3372.825,4.65555555555556,19,1,1,FALSE
6585,1,1,,,,,,,808.083333333333,18,1,1,FALSE
6586,4,4,5769.35833333333,5050.16666666667,797188.004868828,5330.30555555556,5769.35833333333,4050.83611111111,451.600694444444,15.5,1,1,FALSE
6587,1,1,,,,,,,1199.825,18,1,1,FALSE
6588,2,2,10544.5027777778,10544.5027777778,,10544.5027777778,10544.5027777778,10544.5027777778,814.386111111111,19.5,1,1,FALSE
6589,2,2,4327.58888888889,4327.58888888889,,4327.58888888889,4327.58888888889,4327.58888888889,725.033333333333,18.5,1,1,FALSE
6590,3,3,1728.6,4353.61944444444,13781454.1674228,4353.61944444444,6978.63888888889,1728.6,992.459259259259,15,1,1,FALSE
6591,7,7,3374.71388888889,2562.32407407407,1228340.30261317,2481.65972222222,4079.86944444444,1421.49722222222,1123.26507936508,17.1428571428571,1,1,FALSE
6592,8,8,1684.93611111111,1953.56904761905,577494.097483098,1676.075,3364.325,1215.54444444444,789.026388888889,19.125,1,1,FALSE
6593,2,2,4566.88055555556,4566.88055555556,,4566.88055555556,4566.88055555556,4566.88055555556,613.908333333333,19,1,1,FALSE
6594,9,9,1683.56111111111,1863.48958333333,393980.903700948,1679.12638888889,3332.03888888889,1443.36666666667,1186.23240740741,18,1,1,FALSE
6595,10,10,1765.01666666667,1824.83703703704,1069951.29070795,1682.43888888889,3430.65833333333,1.37222222222222,582.070277777778,14.4,1,1,FALSE
6596,3,3,1727,944.798611111111,1223678.02555941,944.798611111111,1727,162.597222222222,1085.3537037037,19.3333333333333,1,1,FALSE
6597,5,5,2617.85,2814.99791666667,215550.86645769,2867.35555555556,3268.2,2257.08055555556,887.944444444444,19.4,1,1,FALSE
6598,2,2,7248.35555555556,7248.35555555556,,7248.35555555556,7248.35555555556,7248.35555555556,200.544444444444,17.5,1,1,FALSE
6599,1,1,,,,,,,724.497222222222,20,1,1,FALSE
6600,4,4,6584.28333333333,5037.62777777778,2371851.12012346,5024.39444444444,6584.28333333333,3504.20555555556,670.983333333333,15.25,1,1,FALSE
6601,3,3,5096.06666666667,4126.20694444444,1881255.76157793,4126.20694444444,5096.06666666667,3156.34722222222,1259.86574074074,15,1,1,FALSE
6602,1,1,,,,,,,1251.23611111111,20,1,1,FALSE
6603,1,1,,,,,,,1234.09166666667,20,1,1,FALSE
6604,1,1,,,,,,,4.58055555555556,20,1,1,FALSE
6605,2,2,15120.7944444444,15120.7944444444,,15120.7944444444,15120.7944444444,15120.7944444444,1212.10694444444,21,1,1,FALSE
6606,2,2,4918.75555555556,4918.75555555556,,4918.75555555556,4918.75555555556,4918.75555555556,1152.33333333333,15,1,1,FALSE
6607,2,2,15105.5083333333,15105.5083333333,,15105.5083333333,15105.5083333333,15105.5083333333,634.205555555556,22,1,1,FALSE
6608,1,1,,,,,,,567.436111111111,21,1,1,FALSE
6609,1,1,,,,,,,1265.42222222222,21,1,1,FALSE
6610,1,1,,,,,,,740.413888888889,22,1,1,FALSE
6611,4,4,3350.04722222222,3640.78796296296,772698.473744856,3350.04722222222,4628.35833333333,2943.95833333333,195.54375,17.75,1,1,FALSE
6612,2,2,16216.0055555556,16216.0055555556,,16216.0055555556,16216.0055555556,16216.0055555556,438.181944444444,15,1,1,FALSE
6613,1,1,,,,,,,11.8611111111111,23,1,1,FALSE
6614,3,3,4812.56944444445,6732.14305555556,7369525.6969483,6732.14305555556,8651.71666666667,4812.56944444445,1198.04814814815,21.3333333333333,1,1,FALSE
6615,7,7,1569.77777777778,2098.95277777778,1949575.76223457,2228.40138888889,3771.21111111111,18.2777777777778,263.786507936508,14.1428571428571,1,1,FALSE
6616,6,6,3417.00833333333,2643.33666666667,1114783.43856636,2816.91944444444,3860.03888888889,1495.34166666667,1239.89305555556,17.5,1,1,FALSE
6617,5,5,3892.81944444444,3964.41458333333,714364.604461806,4098.97361111111,4826.26666666667,2833.44444444444,149.362222222222,20,1,1,FALSE
6618,4,4,5100.31111111111,4506.20092592593,343804.09197788,4490.35555555556,5100.31111111111,3927.93611111111,15.3868055555556,14,1,1,FALSE
6619,3,3,11803.1361111111,7584.31805555556,35596851.5717631,7584.31805555556,11803.1361111111,3365.5,829.563888888889,12.6666666666667,1,1,FALSE
6620,1,1,,,,,,,1228.50833333333,0,1,1,FALSE
6621,7,6,3964.11944444444,2725.06574074074,4531818.36658539,3059.01111111111,4932.25,0.872222222222222,807.138095238095,11.4285714285714,1,1.5,FALSE
6622,7,7,0.872222222222222,2725.06574074074,4531818.36658539,3059.01111111111,4932.25,0.872222222222222,807.138095238095,11.4285714285714,1,1.5,FALSE
6623,5,5,570.166666666667,2302.86180555556,5283811.71492991,1983.89444444444,5014.23611111111,229.422222222222,609.623888888889,12.6,1,2,FALSE
6624,1,1,,,,,,,1304.36944444444,1,1,1,FALSE
6625,3,3,11141.5805555556,8211.68194444444,17168611.7427816,8211.68194444444,11141.5805555556,5281.78333333333,275.360185185185,11.3333333333333,1,1,FALSE
6626,1,1,,,,,,,876.9,7,1,1,FALSE
6627,5,5,873.875,1246.375,1637228.94154321,709.972222222222,3144.21944444444,421.336111111111,623.923333333333,14.2,3,3,FALSE
6628,4,4,3458.98055555556,3945.47407407407,300107.117024177,3838.57777777778,4538.86388888889,3458.98055555556,9.03472222222222,18,1,1,FALSE
6629,4,4,4049.76111111111,3572.53981481482,691746.230635289,4049.76111111111,4055.69166666667,2612.16666666667,891.119444444444,12,1,1,FALSE
6630,6,6,3300.63611111111,3011.72388888889,4809138.69767978,1937.67777777778,6714.13611111111,1418.18333333333,1167.68611111111,12.8333333333333,1,1,FALSE
6631,1,1,,,,,,,1345.04166666667,8,1,1,FALSE
6632,5,5,3358.83055555556,3778.88958333333,4460039.34099987,3360.31805555556,6715.32777777778,1679.59444444444,1102.44,8,1,1,FALSE
6633,2,2,15306.3638888889,15306.3638888889,,15306.3638888889,15306.3638888889,15306.3638888889,3.07083333333333,11,1,1,FALSE
6634,2,2,12599.0305555556,12599.0305555556,,12599.0305555556,12599.0305555556,12599.0305555556,3.70555555555556,14.5,1,1,FALSE
6635,4,4,5736.07222222222,3355.81666666667,4738567.03938272,2865.22777777778,5736.07222222222,1466.15,47.8715277777778,9.75,1,1,FALSE
6636,6,6,1210.56388888889,3297.81722222222,4594455.59656404,2919.90555555556,6686.00555555556,1210.56388888889,211.216203703704,10.3333333333333,1,1.5,FALSE
6637,9,9,1180.43611111111,1981.80381944444,1084712.18333981,1554.61111111111,3690.84166666667,1180.43611111111,599.47962962963,16.4444444444444,1,1.5,FALSE
6638,1,1,,,,,,,1371.83888888889,10,1,1,FALSE
6639,7,7,896.997222222222,1703.32962962963,684976.339965021,1445.40555555556,2824.90555555556,896.997222222222,700.021825396825,16.1428571428571,1,1.5,FALSE
6640,9,9,1174.66111111111,1888.22743055556,6989533.44601948,831.736111111111,7349.81944444444,1.89444444444444,806.478703703704,12.5555555555556,1,2,FALSE
6641,1,1,,,,,,,1205.47777777778,10,1,1,FALSE
6642,3,3,6598.225,7653.08611111111,2225463.92746914,7653.08611111111,8707.94722222222,6598.225,826.19537037037,15.6666666666667,1,1,FALSE
6643,1,1,,,,,,,1162.89722222222,10,1,1,FALSE
6644,4,4,5950.86666666667,3759.13425925926,4493429.65023405,3607.01666666667,5950.86666666667,1719.51944444444,617.882638888889,11.5,1,1,FALSE
6645,1,1,,,,,,,1232.95,10,1,1,FALSE
6646,2,2,4184.06388888889,4184.06388888889,,4184.06388888889,4184.06388888889,4184.06388888889,970.2875,5,1,1,FALSE
6647,4,4,2874.79444444444,3605.57222222222,16132679.7964198,2874.79444444444,7937.33888888889,4.58333333333333,739.990277777778,10,1,1,FALSE
6648,2,2,3364.91388888889,3364.91388888889,,3364.91388888889,3364.91388888889,3364.91388888889,4.69861111111111,10.5,1,1,FALSE
6649,2,2,5059.49444444444,5059.49444444444,,5059.49444444444,5059.49444444444,5059.49444444444,954.211111111111,10,1,1,FALSE
6650,2,2,3365.89444444444,3365.89444444444,,3365.89444444444,3365.89444444444,3365.89444444444,1392.78888888889,10.5,1,1,FALSE
6651,1,1,,,,,,,734.552777777778,11,1,1,FALSE
6652,3,3,7894.91388888889,4752.39305555556,19750874.3758681,4752.39305555556,7894.91388888889,1609.87222222222,655.733333333333,14.6666666666667,1,1,FALSE
6653,2,2,14995.8277777778,14995.8277777778,,14995.8277777778,14995.8277777778,14995.8277777778,1343.58055555556,17,1,1,FALSE
6654,8,8,1681.04166666667,1921.59722222222,409865.784403292,1681.04166666667,3373.31944444444,1665.73055555556,1127.65902777778,11,1,1,FALSE
6655,1,1,,,,,,,1384.80833333333,11,1,1,FALSE
6656,2,2,12234.4944444444,12234.4944444444,,12234.4944444444,12234.4944444444,12234.4944444444,1144.77361111111,12,1,1,FALSE
6657,2,2,3079.70555555556,3079.70555555556,,3079.70555555556,3079.70555555556,3079.70555555556,700.823611111111,14,1,1,FALSE
6658,12,12,2874.73888888889,1480.59116161616,298760.105274411,1432.68888888889,2874.73888888889,687.916666666667,77.7324074074074,11.75,1,1,FALSE
6659,3,3,8784.50277777778,7421.2625,3716848.10991127,7421.2625,8784.50277777778,6058.02222222222,746.02962962963,16.3333333333333,1,1,FALSE
6660,1,1,,,,,,,1409.50555555556,12,1,1,FALSE
6661,5,5,3381.13611111111,4015.76736111111,6750472.99562436,3451.30138888889,7659.76944444444,1500.69722222222,808.044444444444,13.6,1,1,FALSE
6662,10,10,1699.74722222222,1701.86111111111,41052.6826369599,1634.03611111111,2067.68611111111,1469.89444444444,6.70472222222222,14,1,1,FALSE
6663,6,6,1916.76666666667,3252.72555555556,6113024.02075,3120.84722222222,7256.325,679.841666666667,1050.20416666667,15.1666666666667,1,1,FALSE
6664,2,1,,20.625,,20.625,20.625,20.625,1001.34027777778,14,1,1.5,FALSE
6665,33,33,932.458333333333,503.555989583333,240572.004841751,360.508333333333,2656.59444444444,19.9416666666667,395.222390572391,14.6363636363636,2,2.5,FALSE
6666,5,5,1699.98333333333,3404.65277777778,11043962.4263426,1956.9375,8360.66666666667,1344.06944444444,451.753333333333,16,1,1,FALSE
6667,10,10,1404.2,1653.16481481481,84071.2441126543,1627.54166666667,2140.78333333333,1283.25555555556,3.40888888888889,12.1,2,2,FALSE
6668,5,5,1193.21944444444,2450.23263888889,1018289.38858732,2551.11111111111,3505.48888888889,1193.21944444444,322.768333333333,12,2,2,FALSE
6669,8,8,2429.11388888889,2335.71031746032,284591.289068195,2411.61388888889,3152.27777777778,1703.225,143.323958333333,12,1,1,FALSE
6670,15,15,917.461111111111,1112.25972222222,410143.179542676,1183.13472222222,2877.80555555556,2.26666666666667,353.992592592593,15.4,1,2,FALSE
6671,1,1,,,,,,,1428.13888888889,14,1,1,FALSE
6672,2,2,16109.7361111111,16109.7361111111,,16109.7361111111,16109.7361111111,16109.7361111111,474.331944444444,12.5,1,1,FALSE
6673,4,4,2702.725,2017.16481481481,403488.369848251,1900.20277777778,2702.725,1448.56666666667,599.820138888889,10.25,1,1,FALSE
6674,3,3,12394.2277777778,7792.61111111111,42349751.8938889,7792.61111111111,12394.2277777778,3190.99444444444,754.212962962963,17.6666666666667,1,1,FALSE
6675,5,5,5966.42222222222,3829.35625,2079703.53053691,3257.8,5966.42222222222,2835.40277777778,384.074444444444,16.2,1,1,FALSE
6676,9,9,927.908333333333,1894.14965277778,620239.847571511,1808.70555555556,3667.81388888889,927.908333333333,352.987962962963,16.3333333333333,2,2,FALSE
6677,9,9,2438.93055555556,2037.89826388889,1791521.07443328,1638.97638888889,4777.80555555556,660.538888888889,24.1487654320988,13,1,1,FALSE
6678,4,4,3828.87777777778,5209.44907407407,4667818.04202418,4100.19722222222,7699.27222222222,3828.87777777778,835.925694444445,14.25,1,1,FALSE
6679,3,3,9645.28611111111,7679.74722222222,7726686.24746913,7679.74722222222,9645.28611111111,5714.20833333333,480.861111111111,13.3333333333333,1,1,FALSE
6680,4,4,5029.53888888889,3921.32592592593,921220.002541153,3378.08333333333,5029.53888888889,3356.35555555556,362.833333333333,15.25,1,1,FALSE
6681,1,1,,,,,,,0.347222222222222,15,1,1,FALSE
6682,2,2,20.625,20.625,,20.625,20.625,20.625,1001.34027777778,14,1,1.5,FALSE
6683,4,4,9117.73333333333,3920.02592592593,21083969.7314995,2227.73055555556,9117.73333333333,414.613888888889,924.264583333333,14.25,1,1,FALSE
6684,11,11,2223.99444444444,1639.03611111111,612041.626718107,1666.75555555556,3081.49166666667,705.491666666667,808.884343434343,11.0909090909091,1,1,FALSE
6685,3,3,8001.77777777778,7934.96388888889,8928.19149691357,7934.96388888889,8001.77777777778,7868.15,647.330555555556,12.3333333333333,1,1,FALSE
6686,11,11,975.341666666667,1584.95527777778,4599309.75557862,951.2375,7649.46944444444,649.527777777778,544.766666666667,14.8181818181818,2,2,FALSE
6687,1,1,,,,,,,197.480555555556,16,1,1,FALSE
6688,2,2,10384.0666666667,10384.0666666667,,10384.0666666667,10384.0666666667,10384.0666666667,1.90277777777778,14,1,1,FALSE
6689,1,1,,,,,,,1432.45277777778,17,1,1,FALSE
6690,3,3,5768.24444444444,8282.09861111111,12638925.5425347,8282.09861111111,10795.9527777778,5768.24444444444,441.531481481481,17,1,1,FALSE
6691,6,6,660.330555555556,3162.74,10656457.0609437,1328.69444444444,8395.73055555556,660.330555555556,1033.26342592593,11.1666666666667,1,1.5,FALSE
6692,2,2,14439.5361111111,14439.5361111111,,14439.5361111111,14439.5361111111,14439.5361111111,863.734722222222,16,1,1,FALSE
6693,2,2,6558.38611111111,6558.38611111111,,6558.38611111111,6558.38611111111,6558.38611111111,4.99583333333333,14,1,1,FALSE
6694,1,1,,,,,,,1426.81944444444,18,1,1,FALSE
6695,1,1,,,,,,,2.875,18,1,1,FALSE
6696,2,2,8392.29166666667,8392.29166666667,,8392.29166666667,8392.29166666667,8392.29166666667,1487.75694444444,18.5,1,1,FALSE
6697,3,3,4385.40277777778,5675.12777777778,3326781.15125,5675.12777777778,6964.85277777778,4385.40277777778,698.225,14.3333333333333,1,1,FALSE
6698,2,2,11990.6888888889,11990.6888888889,,11990.6888888889,11990.6888888889,11990.6888888889,1366.78333333333,19.5,1,1,FALSE
6699,4,4,4316.64722222222,3782.58703703704,313972.323320473,3831.875,4316.64722222222,3199.23888888889,568.654861111111,17.5,1,1,FALSE
6700,5,5,4860.17222222222,3428.79305555556,1541126.46010545,3479.04027777778,4860.17222222222,1896.91944444444,857.022777777778,14.4,1,1,FALSE
6701,1,1,,,,,,,1267.38333333333,19,1,1,FALSE
6702,2,2,13478.3388888889,13478.3388888889,,13478.3388888889,13478.3388888889,13478.3388888889,778.540277777778,17.5,1,1,FALSE
6703,3,3,3357.30555555556,5147.88055555556,6412317.66125,5147.88055555556,6938.45555555556,3357.30555555556,510.131481481481,20.3333333333333,1,1,FALSE
6704,1,1,,,,,,,1488.42222222222,20,1,1,FALSE
6705,6,6,1962.60555555556,3029.84555555556,3282788.85639506,2367.98333333333,6170.07222222222,1733.76111111111,1129.26111111111,16,1,1,FALSE
6706,1,1,,,,,,,3.51666666666667,20,1,1,FALSE
6707,6,6,1667.45277777778,3133.79944444444,1081007.2315679,3367.475,4168.46388888889,1667.45277777778,448.1125,15.8333333333333,1,1,FALSE
6708,15,15,448.761111111111,1181.38234126984,1638911.19316905,710.638888888889,4810.50555555556,229.588888888889,693.142962962963,17.5333333333333,1,2,FALSE
6709,6,6,2517.03333333333,2975.08166666667,2512791.55037269,2517.03333333333,5699.96944444444,1835.26944444444,461.666203703704,17.3333333333333,1,1,FALSE
6710,9,9,1977.99722222222,1925.1125,354452.838395062,1687.94722222222,3353.74166666667,1491.18333333333,964.218518518519,15.5555555555556,1,1,FALSE
6711,4,4,3597.08333333333,3990.22592592593,484336.102132201,3597.08333333333,4793.76944444444,3579.825,792.107638888889,16,1,1,FALSE
6712,1,1,,,,,,,1466.57777777778,21,1,1,FALSE
6713,2,2,15424.9138888889,15424.9138888889,,15424.9138888889,15424.9138888889,15424.9138888889,1336.24166666667,17.5,1,1,FALSE
6714,1,1,,,,,,,1060.42777777778,21,1,1,FALSE
6715,5,5,2622.19444444444,3660.80694444444,893656.236957305,3554.15138888889,4912.73055555556,2622.19444444444,537.615555555556,18.6,1,1,FALSE
6716,4,4,5037.23888888889,4579.37222222222,602357.600493827,5017.61666666667,5037.23888888889,3683.26111111111,1.9625,18.5,1,1,FALSE
6717,2,2,6979.52777777778,6979.52777777778,,6979.52777777778,6979.52777777778,6979.52777777778,1334.44583333333,21,1,1,FALSE
6718,6,6,1674.96111111111,3049.395,2934775.71506327,1941.85277777778,5036.82222222222,1674.96111111111,1358.28842592593,19.6666666666667,1,1,FALSE
6719,1,1,,,,,,,286.905555555556,23,1,1,FALSE
6720,2,2,8882.67777777778,8882.67777777778,,8882.67777777778,8882.67777777778,8882.67777777778,1223.5375,22.5,1,1,FALSE
6721,2,2,11285.0305555556,11285.0305555556,,11285.0305555556,11285.0305555556,11285.0305555556,671.663888888889,23,1,1,FALSE
6722,5,5,9903.39444444444,4139.42083333333,15397542.7002546,2518.77222222222,9903.39444444444,1616.74444444444,292.231666666667,12.8,1,1,FALSE
