orderID,nCoupon1Used,nCoupon2Used,nCoupon3Used,pCoupon1Used,pCoupon2Used,pCoupon3Used,nCoup1Col1Used,nCoup1Col2Used,nCoup1Col3Used,nCoup2Col1Used,nCoup2Col2Used,nCoup2Col3Used,nCoup3Col1Used,nCoup3Col2Used,nCoup3Col3Used,pCoup1Col1Used,pCoup1Col2Used,pCoup1Col3Used,pCoup2Col1Used,pCoup2Col2Used,pCoup2Col3Used,pCoup3Col1Used,pCoup3Col2Used,pCoup3Col3Used
6054,44,3,2,0.321167883211679,0.157894736842105,0.1,43,0,1,0,3,0,0,0,2,0.977272727272727,0,0.0227272727272727,0,1,0,0,0,1
6055,44,0,3,0.321167883211679,0,0.0833333333333333,43,0,1,0,0,0,0,0,3,0.977272727272727,0,0.0227272727272727,,,,0,0,1
6056,,0,1,,0,0.25,,,,0,0,0,0,0,1,,,,,,,0,0,1
6057,5,0,2,0.555555555555556,0,0.25,2,1,2,0,0,0,0,1,1,0.4,0.2,0.4,,,,0,0.5,0.5
6058,0,0,2,0,0,0.25,0,0,0,0,0,0,0,0,2,,,,,,,0,0,1
6059,5,2,5,0.119047619047619,0.133333333333333,0.227272727272727,5,0,0,0,2,0,0,4,1,1,0,0,0,1,0,0,0.8,0.2
6060,49,3,3,0.628205128205128,0.12,0.5,34,8,7,0,1,2,0,0,3,0.693877551020408,0.163265306122449,0.142857142857143,0,0.333333333333333,0.666666666666667,0,0,1
6061,17,0,,0.68,0,,13,3,1,0,0,0,,,,0.764705882352941,0.176470588235294,0.0588235294117647,,,,,,
6062,13,2,1,0.333333333333333,0.5,0.333333333333333,1,3,9,0,1,1,0,1,0,0.0769230769230769,0.230769230769231,0.692307692307692,0,0.5,0.5,0,1,0
6063,2,0,2,0.4,0,0.153846153846154,2,0,0,0,0,0,0,1,1,1,0,0,,,,0,0.5,0.5
6064,0,,0,0,,0,0,0,0,,,,0,0,0,,,,,,,,,
6065,4,0,8,0.666666666666667,0,0.5,4,0,0,0,0,0,4,1,3,1,0,0,,,,0.5,0.125,0.375
6066,3,0,6,0.272727272727273,0,0.146341463414634,3,0,0,0,0,0,0,2,4,1,0,0,,,,0,0.333333333333333,0.666666666666667
6067,7,5,0,0.194444444444444,0.131578947368421,0,7,0,0,0,5,0,0,0,0,1,0,0,0,1,0,,,
6068,,,3,,,0.0882352941176471,,,,,,,0,3,0,,,,,,,0,1,0
6069,28,9,,0.345679012345679,0.18,,26,1,1,0,3,6,,,,0.928571428571429,0.0357142857142857,0.0357142857142857,0,0.333333333333333,0.666666666666667,,,
6070,2,1,0,0.222222222222222,0.333333333333333,0,2,0,0,0,1,0,0,0,0,1,0,0,0,1,0,,,
6071,3,8,5,0.1875,0.242424242424242,0.5,3,0,0,0,7,1,0,1,4,1,0,0,0,0.875,0.125,0,0.2,0.8
6072,2,4,5,0.285714285714286,0.307692307692308,0.277777777777778,2,0,0,0,4,0,0,3,2,1,0,0,0,1,0,0,0.6,0.4
6073,6,5,,0.4,0.147058823529412,,6,0,0,0,5,0,,,,1,0,0,0,1,0,,,
6074,7,,,0.7,,,2,4,1,,,,,,,0.285714285714286,0.571428571428571,0.142857142857143,,,,,,
6075,2,2,,0.25,0.153846153846154,,2,0,0,0,2,0,,,,1,0,0,0,1,0,,,
6076,,,2,,,0.222222222222222,,,,,,,0,2,0,,,,,,,0,1,0
6077,6,1,2,0.25,0.142857142857143,0.1,6,0,0,0,1,0,0,0,2,1,0,0,0,1,0,0,0,1
6078,3,1,14,0.1875,0.0714285714285714,0.259259259259259,3,0,0,0,0,1,0,5,9,1,0,0,0,0,1,0,0.357142857142857,0.642857142857143
6079,,0,1,,0,0.0384615384615385,,,,0,0,0,0,1,0,,,,,,,0,1,0
6080,2,,2,0.4,,0.166666666666667,1,1,0,,,,0,0,2,0.5,0.5,0,,,,0,0,1
6081,,,0,,,0,,,,,,,0,0,0,,,,,,,,,
6082,1,0,4,0.25,0,0.125,1,0,0,0,0,0,0,1,3,1,0,0,,,,0,0.25,0.75
6083,4,1,0,0.444444444444444,0.111111111111111,0,4,0,0,0,1,0,0,0,0,1,0,0,0,1,0,,,
6084,1,11,14,0.0303030303030303,0.150684931506849,0.259259259259259,1,0,0,0,11,0,0,5,9,1,0,0,0,1,0,0,0.357142857142857,0.642857142857143
6085,2,1,2,0.285714285714286,0.333333333333333,1,2,0,0,0,1,0,0,1,1,1,0,0,0,1,0,0,0.5,0.5
6086,0,1,0,0,0.0833333333333333,0,0,0,0,0,1,0,0,0,0,,,,0,1,0,,,
6087,,0,6,,0,0.666666666666667,,,,0,0,0,3,0,3,,,,,,,0.5,0,0.5
6088,7,1,2,0.142857142857143,0.142857142857143,0.666666666666667,6,0,1,1,0,0,1,1,0,0.857142857142857,0,0.142857142857143,1,0,0,0.5,0.5,0
6089,1,5,6,0.0588235294117647,0.147058823529412,0.2,1,0,0,0,5,0,0,1,5,1,0,0,0,1,0,0,0.166666666666667,0.833333333333333
6090,,,,,,,,,,,,,,,,,,,,,,,,
6091,,8,14,,0.242424242424242,0.259259259259259,,,,0,7,1,0,5,9,,,,0,0.875,0.125,0,0.357142857142857,0.642857142857143
6092,20,4,0,0.210526315789474,0.181818181818182,0,20,0,0,0,4,0,0,0,0,1,0,0,0,1,0,,,
6093,3,1,1,0.1875,0.0769230769230769,0.25,3,0,0,0,0,1,0,0,1,1,0,0,0,0,1,0,0,1
6094,8,,0,0.5,,0,2,4,2,,,,0,0,0,0.25,0.5,0.25,,,,,,
6095,7,0,1,0.194444444444444,0,0.0666666666666667,7,0,0,0,0,0,0,0,1,1,0,0,,,,0,0,1
6096,20,3,6,0.210526315789474,0.0789473684210526,0.2,20,0,0,0,2,1,0,1,5,1,0,0,0,0.666666666666667,0.333333333333333,0,0.166666666666667,0.833333333333333
6097,3,,4,0.214285714285714,,0.363636363636364,3,0,0,,,,0,0,4,1,0,0,,,,0,0,1
6098,10,2,,0.344827586206897,0.666666666666667,,7,0,3,0,2,0,,,,0.7,0,0.3,0,1,0,,,
6099,3,0,2,0.1875,0,0.153846153846154,3,0,0,0,0,0,0,2,0,1,0,0,,,,0,1,0
6100,8,,2,0.181818181818182,,0.5,8,0,0,,,,0,1,1,1,0,0,,,,0,0.5,0.5
6101,44,4,4,0.321167883211679,0.181818181818182,0.571428571428571,43,0,1,0,4,0,1,0,3,0.977272727272727,0,0.0227272727272727,0,1,0,0.25,0,0.75
6102,0,,,0,,,0,0,0,,,,,,,,,,,,,,,
6103,24,2,0,0.19672131147541,0.333333333333333,0,24,0,0,0,2,0,0,0,0,1,0,0,0,1,0,,,
6104,,2,6,,0.181818181818182,0.4,,,,0,1,1,1,3,2,,,,0,0.5,0.5,0.166666666666667,0.5,0.333333333333333
6105,20,1,1,0.210526315789474,0.2,0.111111111111111,20,0,0,0,0,1,1,0,0,1,0,0,0,0,1,1,0,0
6106,8,1,2,0.181818181818182,0.0357142857142857,0.153846153846154,8,0,0,0,1,0,0,2,0,1,0,0,0,1,0,0,1,0
6107,0,10,1,0,0.161290322580645,0.125,0,0,0,0,10,0,0,1,0,,,,0,1,0,0,1,0
6108,2,2,9,0.166666666666667,0.0952380952380952,0.105882352941176,2,0,0,0,2,0,1,1,7,1,0,0,0,1,0,0.111111111111111,0.111111111111111,0.777777777777778
6109,0,3,6,0,0.75,0.146341463414634,0,0,0,0,3,0,0,2,4,,,,0,1,0,0,0.333333333333333,0.666666666666667
6110,,2,3,,0.133333333333333,0.176470588235294,,,,0,2,0,0,1,2,,,,0,1,0,0,0.333333333333333,0.666666666666667
6111,4,,0,0.2,,0,4,0,0,,,,0,0,0,1,0,0,,,,,,
6112,1,6,,1,0.75,,1,0,0,1,5,0,,,,1,0,0,0.166666666666667,0.833333333333333,0,,,
6113,,,0,,,0,,,,,,,0,0,0,,,,,,,,,
6114,4,3,24,0.0930232558139535,0.115384615384615,0.263736263736264,4,0,0,0,3,0,2,5,17,1,0,0,0,1,0,0.0833333333333333,0.208333333333333,0.708333333333333
6115,0,0,0,0,0,0,0,0,0,0,0,0,0,0,0,,,,,,,,,
6116,1,2,2,0.0303030303030303,0.111111111111111,0.166666666666667,1,0,0,0,2,0,0,2,0,1,0,0,0,1,0,0,1,0
6117,24,11,2,0.19672131147541,0.150684931506849,0.153846153846154,24,0,0,0,11,0,0,0,2,1,0,0,0,1,0,0,0,1
6118,4,2,3,0.111111111111111,0.181818181818182,0.5,0,4,0,0,2,0,1,1,1,0,1,0,0,1,0,0.333333333333333,0.333333333333333,0.333333333333333
6119,0,0,3,0,0,0.230769230769231,0,0,0,0,0,0,0,2,1,,,,,,,0,0.666666666666667,0.333333333333333
6120,0,1,,0,0.333333333333333,,0,0,0,0,1,0,,,,,,,0,1,0,,,
6121,20,4,4,0.210526315789474,0.133333333333333,0.333333333333333,20,0,0,0,4,0,0,0,4,1,0,0,0,1,0,0,0,1
6122,4,6,1,0.125,0.260869565217391,0.0454545454545455,4,0,0,0,6,0,0,0,1,1,0,0,0,1,0,0,0,1
6123,9,3,1,0.257142857142857,0.0789473684210526,0.0769230769230769,9,0,0,0,2,1,0,0,1,1,0,0,0,0.666666666666667,0.333333333333333,0,0,1
6124,4,3,24,0.0930232558139535,0.115384615384615,0.263736263736264,4,0,0,0,3,0,2,5,17,1,0,0,0,1,0,0.0833333333333333,0.208333333333333,0.708333333333333
6125,10,5,4,0.344827586206897,0.131578947368421,0.235294117647059,7,0,3,0,5,0,0,0,4,0.7,0,0.3,0,1,0,0,0,1
6126,6,0,5,0.206896551724138,0,0.135135135135135,6,0,0,0,0,0,0,2,3,1,0,0,,,,0,0.4,0.6
6127,6,4,24,0.25,0.148148148148148,0.263736263736264,6,0,0,0,4,0,2,5,17,1,0,0,0,1,0,0.0833333333333333,0.208333333333333,0.708333333333333
6128,0,1,6,0,0.0434782608695652,0.2,0,0,0,0,1,0,0,1,5,,,,0,1,0,0,0.166666666666667,0.833333333333333
6129,1,0,1,0.142857142857143,0,0.0833333333333333,1,0,0,0,0,0,0,1,0,1,0,0,,,,0,1,0
6130,1,,0,0.166666666666667,,0,1,0,0,,,,0,0,0,1,0,0,,,,,,
6131,0,2,0,0,0.25,0,0,0,0,0,1,1,0,0,0,,,,0,0.5,0.5,,,
6132,9,4,0,0.257142857142857,0.181818181818182,0,9,0,0,1,1,2,0,0,0,1,0,0,0.25,0.25,0.5,,,
6133,9,4,0,0.257142857142857,0.181818181818182,0,9,0,0,1,1,2,0,0,0,1,0,0,0.25,0.25,0.5,,,
6134,9,4,0,0.257142857142857,0.181818181818182,0,9,0,0,1,1,2,0,0,0,1,0,0,0.25,0.25,0.5,,,
6135,9,4,0,0.257142857142857,0.181818181818182,0,9,0,0,1,1,2,0,0,0,1,0,0,0.25,0.25,0.5,,,
6136,,,,,,,,,,,,,,,,,,,,,,,,
6137,8,1,1,0.2,0.0526315789473684,0.125,8,0,0,0,1,0,0,0,1,1,0,0,0,1,0,0,0,1
6138,3,6,1,0.3,0.142857142857143,0.25,3,0,0,0,6,0,0,0,1,1,0,0,0,1,0,0,0,1
6139,3,0,,0.375,0,,2,1,0,0,0,0,,,,0.666666666666667,0.333333333333333,0,,,,,,
6140,5,4,0,0.217391304347826,0.125,0,5,0,0,0,1,3,0,0,0,1,0,0,0,0.25,0.75,,,
6141,44,0,2,0.321167883211679,0,0.2,43,0,1,0,0,0,0,0,2,0.977272727272727,0,0.0227272727272727,,,,0,0,1
6142,2,,,0.333333333333333,,,0,0,2,,,,,,,0,0,1,,,,,,
6143,0,,,0,,,0,0,0,,,,,,,,,,,,,,,
6144,1,0,,0.333333333333333,0,,1,0,0,0,0,0,,,,1,0,0,,,,,,
6145,3,8,0,0.375,0.242424242424242,0,3,0,0,0,7,1,0,0,0,1,0,0,0,0.875,0.125,,,
6146,28,2,9,0.345679012345679,0.4,0.18,26,1,1,0,1,1,0,3,6,0.928571428571429,0.0357142857142857,0.0357142857142857,0,0.5,0.5,0,0.333333333333333,0.666666666666667
6147,4,9,1,0.166666666666667,0.321428571428571,0.0454545454545455,4,0,0,0,8,1,0,0,1,1,0,0,0,0.888888888888889,0.111111111111111,0,0,1
6148,0,3,0,0,0.1875,0,0,0,0,2,0,1,0,0,0,,,,0.666666666666667,0,0.333333333333333,,,
6149,5,0,1,0.25,0,0.0625,5,0,0,0,0,0,0,0,1,1,0,0,,,,0,0,1
6150,4,9,1,0.166666666666667,0.321428571428571,0.0454545454545455,4,0,0,0,8,1,0,0,1,1,0,0,0,0.888888888888889,0.111111111111111,0,0,1
6151,5,0,3,0.142857142857143,0,0.15,5,0,0,0,0,0,0,0,3,1,0,0,,,,0,0,1
6152,4,3,24,0.0930232558139535,0.115384615384615,0.263736263736264,4,0,0,0,3,0,2,5,17,1,0,0,0,1,0,0.0833333333333333,0.208333333333333,0.708333333333333
6153,4,0,0,0.2,0,0,4,0,0,0,0,0,0,0,0,1,0,0,,,,,,
6154,,1,2,,0.166666666666667,0.1,,,,0,1,0,0,1,1,,,,0,1,0,0,0.5,0.5
6155,7,4,1,0.142857142857143,0.363636363636364,0.125,6,0,1,0,4,0,1,0,0,0.857142857142857,0,0.142857142857143,0,1,0,1,0,0
6156,14,,3,0.285714285714286,,0.0833333333333333,14,0,0,,,,0,0,3,1,0,0,,,,0,0,1
6157,1,2,6,0.2,0.181818181818182,0.272727272727273,1,0,0,0,2,0,0,3,3,1,0,0,0,1,0,0,0.5,0.5
6158,1,0,,0.25,0,,1,0,0,0,0,0,,,,1,0,0,,,,,,
6159,1,1,6,0.0769230769230769,0.0833333333333333,0.146341463414634,1,0,0,0,1,0,0,2,4,1,0,0,0,1,0,0,0.333333333333333,0.666666666666667
6160,3,0,0,0.214285714285714,0,0,3,0,0,0,0,0,0,0,0,1,0,0,,,,,,
6161,1,3,,0.333333333333333,0.6,,1,0,0,0,2,1,,,,1,0,0,0,0.666666666666667,0.333333333333333,,,
6162,0,1,1,0,0.166666666666667,0.1,0,0,0,0,1,0,0,0,1,,,,0,1,0,0,0,1
6163,5,4,9,0.454545454545455,0.2,0.105882352941176,5,0,0,0,4,0,1,1,7,1,0,0,0,1,0,0.111111111111111,0.111111111111111,0.777777777777778
6164,5,5,5,0.25,0.454545454545455,0.277777777777778,5,0,0,0,5,0,0,3,2,1,0,0,0,1,0,0,0.6,0.4
6165,5,6,1,0.227272727272727,0.230769230769231,0.0909090909090909,5,0,0,0,1,5,1,0,0,1,0,0,0,0.166666666666667,0.833333333333333,1,0,0
6166,4,3,24,0.0930232558139535,0.115384615384615,0.263736263736264,4,0,0,0,3,0,2,5,17,1,0,0,0,1,0,0.0833333333333333,0.208333333333333,0.708333333333333
6167,1,5,0,0.0625,0.147058823529412,0,1,0,0,0,5,0,0,0,0,1,0,0,0,1,0,,,
6168,7,1,2,0.142857142857143,0.0833333333333333,0.0909090909090909,6,0,1,0,1,0,0,1,1,0.857142857142857,0,0.142857142857143,0,1,0,0,0.5,0.5
6169,20,3,0,0.210526315789474,0.428571428571429,0,20,0,0,0,3,0,0,0,0,1,0,0,0,1,0,,,
6170,0,3,3,0,0.0882352941176471,0.130434782608696,0,0,0,0,3,0,0,1,2,,,,0,1,0,0,0.333333333333333,0.666666666666667
6171,3,2,2,0.111111111111111,0.166666666666667,0.117647058823529,3,0,0,0,2,0,0,0,2,1,0,0,0,1,0,0,0,1
6172,7,0,0,0.318181818181818,0,0,7,0,0,0,0,0,0,0,0,1,0,0,,,,,,
6173,0,,3,0,,0.333333333333333,0,0,0,,,,3,0,0,,,,,,,1,0,0
6174,4,1,1,0.0930232558139535,0.0588235294117647,0.0714285714285714,4,0,0,0,1,0,0,0,1,1,0,0,0,1,0,0,0,1
6175,4,9,1,0.166666666666667,0.321428571428571,0.0454545454545455,4,0,0,0,8,1,0,0,1,1,0,0,0,0.888888888888889,0.111111111111111,0,0,1
6176,0,2,1,0,0.5,0.333333333333333,0,0,0,0,2,0,0,0,1,,,,0,1,0,0,0,1
6177,1,2,1,0.25,0.4,0.0454545454545455,1,0,0,0,2,0,0,0,1,1,0,0,0,1,0,0,0,1
6178,4,9,1,0.166666666666667,0.321428571428571,0.0454545454545455,4,0,0,0,8,1,0,0,1,1,0,0,0,0.888888888888889,0.111111111111111,0,0,1
6179,6,1,,0.4,0.166666666666667,,6,0,0,1,0,0,,,,1,0,0,1,0,0,,,
6180,4,9,1,0.166666666666667,0.321428571428571,0.0454545454545455,4,0,0,0,8,1,0,0,1,1,0,0,0,0.888888888888889,0.111111111111111,0,0,1
6181,13,,,0.333333333333333,,,1,3,9,,,,,,,0.0769230769230769,0.230769230769231,0.692307692307692,,,,,,
6182,2,3,0,0.222222222222222,0.333333333333333,0,2,0,0,0,3,0,0,0,0,1,0,0,0,1,0,,,
6183,0,0,,0,0,,0,0,0,0,0,0,,,,,,,,,,,,
6184,6,0,1,0.25,0,0.0833333333333333,6,0,0,0,0,0,0,0,1,1,0,0,,,,0,0,1
6185,4,9,1,0.166666666666667,0.321428571428571,0.0454545454545455,4,0,0,0,8,1,0,0,1,1,0,0,0,0.888888888888889,0.111111111111111,0,0,1
6186,3,3,3,0.214285714285714,0.214285714285714,0.428571428571429,3,0,0,2,1,0,0,1,2,1,0,0,0.666666666666667,0.333333333333333,0,0,0.333333333333333,0.666666666666667
6187,4,9,1,0.166666666666667,0.321428571428571,0.0454545454545455,4,0,0,0,8,1,0,0,1,1,0,0,0,0.888888888888889,0.111111111111111,0,0,1
6188,3,,0,0.428571428571429,,0,3,0,0,,,,0,0,0,1,0,0,,,,,,
6189,0,1,4,0,0.5,0.571428571428571,0,0,0,0,1,0,1,0,3,,,,0,1,0,0.25,0,0.75
6190,5,0,2,0.119047619047619,0,0.5,5,0,0,0,0,0,1,0,1,1,0,0,,,,0.5,0,0.5
6191,0,2,1,0,0.666666666666667,0.5,0,0,0,0,1,1,1,0,0,,,,0,0.5,0.5,1,0,0
6192,4,6,4,0.0930232558139535,0.13953488372093,0.173913043478261,4,0,0,0,6,0,0,0,4,1,0,0,0,1,0,0,0,1
6193,4,9,1,0.166666666666667,0.321428571428571,0.0454545454545455,4,0,0,0,8,1,0,0,1,1,0,0,0,0.888888888888889,0.111111111111111,0,0,1
6194,5,0,2,0.119047619047619,0,0.5,5,0,0,0,0,0,1,0,1,1,0,0,,,,0.5,0,0.5
6195,10,1,14,0.263157894736842,0.0588235294117647,0.175,10,0,0,0,1,0,14,0,0,1,0,0,0,1,0,1,0,0
6196,4,9,1,0.166666666666667,0.321428571428571,0.0454545454545455,4,0,0,0,8,1,0,0,1,1,0,0,0,0.888888888888889,0.111111111111111,0,0,1
6197,5,3,3,0.333333333333333,0.130434782608696,0.136363636363636,5,0,0,0,1,2,0,0,3,1,0,0,0,0.333333333333333,0.666666666666667,0,0,1
6198,7,3,3,0.142857142857143,0.333333333333333,0.176470588235294,6,0,1,0,3,0,0,1,2,0.857142857142857,0,0.142857142857143,0,1,0,0,0.333333333333333,0.666666666666667
6199,7,0,1,0.142857142857143,0,0.2,6,0,1,0,0,0,0,0,1,0.857142857142857,0,0.142857142857143,,,,0,0,1
6200,7,,1,0.142857142857143,,0.2,6,0,1,,,,0,1,0,0.857142857142857,0,0.142857142857143,,,,0,1,0
6201,7,1,,0.636363636363636,0.25,,4,2,1,1,0,0,,,,0.571428571428571,0.285714285714286,0.142857142857143,1,0,0,,,
6202,,,,,,,,,,,,,,,,,,,,,,,,
6203,0,8,3,0,0.5,0.5,0,0,0,4,1,3,1,1,1,,,,0.5,0.125,0.375,0.333333333333333,0.333333333333333,0.333333333333333
6204,8,4,2,0.2,0.173913043478261,0.25,8,0,0,0,4,0,0,2,0,1,0,0,0,1,0,0,1,0
6205,1,2,,0.2,0.4,,0,0,1,1,1,0,,,,0,0,1,0.5,0.5,0,,,
6206,7,1,0,0.148936170212766,0.166666666666667,0,7,0,0,0,1,0,0,0,0,1,0,0,0,1,0,,,
6207,0,2,0,0,0.25,0,0,0,0,0,2,0,0,0,0,,,,0,1,0,,,
6208,0,1,6,0,0.0434782608695652,0.2,0,0,0,0,1,0,0,1,5,,,,0,1,0,0,0.166666666666667,0.833333333333333
6209,2,13,,0.222222222222222,0.333333333333333,,2,0,0,1,3,9,,,,1,0,0,0.0769230769230769,0.230769230769231,0.692307692307692,,,
6210,0,1,6,0,0.0434782608695652,0.2,0,0,0,0,1,0,0,1,5,,,,0,1,0,0,0.166666666666667,0.833333333333333
6211,5,0,0,0.333333333333333,0,0,5,0,0,0,0,0,0,0,0,1,0,0,,,,,,
6212,1,2,,0.333333333333333,0.666666666666667,,1,0,0,0,1,1,,,,1,0,0,0,0.5,0.5,,,
6213,3,1,9,0.107142857142857,0.0625,0.105882352941176,3,0,0,0,1,0,1,1,7,1,0,0,0,1,0,0.111111111111111,0.111111111111111,0.777777777777778
6214,1,3,,0.166666666666667,0.0833333333333333,,1,0,0,0,0,3,,,,1,0,0,0,0,1,,,
6215,0,4,0,0,0.133333333333333,0,0,0,0,0,4,0,0,0,0,,,,0,1,0,,,
6216,8,2,0,0.181818181818182,0.181818181818182,0,8,0,0,0,2,0,0,0,0,1,0,0,0,1,0,,,
6217,3,11,1,0.272727272727273,0.150684931506849,0.0666666666666667,3,0,0,0,11,0,0,1,0,1,0,0,0,1,0,0,1,0
6218,4,3,24,0.0930232558139535,0.115384615384615,0.263736263736264,4,0,0,0,3,0,2,5,17,1,0,0,0,1,0,0.0833333333333333,0.208333333333333,0.708333333333333
6219,0,2,2,0,0.166666666666667,0.333333333333333,0,0,0,1,0,1,0,0,2,,,,0.5,0,0.5,0,0,1
6220,8,1,0,0.333333333333333,0.0526315789473684,0,8,0,0,0,1,0,0,0,0,1,0,0,0,1,0,,,
6221,1,,0,0.2,,0,1,0,0,,,,0,0,0,1,0,0,,,,,,
6222,11,2,,0.366666666666667,0.133333333333333,,11,0,0,1,1,0,,,,1,0,0,0.5,0.5,0,,,
6223,,,,,,,,,,,,,,,,,,,,,,,,
6224,20,1,2,0.210526315789474,0.0625,0.25,20,0,0,0,1,0,0,0,2,1,0,0,0,1,0,0,0,1
6225,0,6,,0,0.272727272727273,,0,0,0,0,3,3,,,,,,,0,0.5,0.5,,,
6226,1,3,2,0.2,0.230769230769231,0.333333333333333,1,0,0,0,3,0,1,1,0,1,0,0,0,1,0,0.5,0.5,0
6227,0,1,24,0,0.0526315789473684,0.263736263736264,0,0,0,0,1,0,2,5,17,,,,0,1,0,0.0833333333333333,0.208333333333333,0.708333333333333
6228,8,3,2,0.2,0.214285714285714,0.333333333333333,8,0,0,0,3,0,0,2,0,1,0,0,0,1,0,0,1,0
6229,5,0,0,0.217391304347826,0,0,5,0,0,0,0,0,0,0,0,1,0,0,,,,,,
6230,,1,2,,0.0625,0.666666666666667,,,,0,0,1,0,2,0,,,,0,0,1,0,1,0
6231,5,,,0.217391304347826,,,5,0,0,,,,,,,1,0,0,,,,,,
6232,,,1,,,0.166666666666667,,,,,,,0,0,1,,,,,,,0,0,1
6233,20,3,1,0.555555555555556,0.272727272727273,1,17,1,2,0,3,0,0,0,1,0.85,0.05,0.1,0,1,0,0,0,1
6234,0,3,,0,0.176470588235294,,0,0,0,0,3,0,,,,,,,0,1,0,,,
6235,9,2,0,0.5,0.2,0,9,0,0,0,0,2,0,0,0,1,0,0,0,0,1,,,
6236,7,0,2,0.148936170212766,0,0.1,7,0,0,0,0,0,0,1,1,1,0,0,,,,0,0.5,0.5
6237,0,1,,0,0.5,,0,0,0,0,1,0,,,,,,,0,1,0,,,
6238,3,6,6,0.1875,0.333333333333333,0.272727272727273,3,0,0,0,6,0,0,3,3,1,0,0,0,1,0,0,0.5,0.5
6239,0,2,0,0,0.285714285714286,0,0,0,0,0,2,0,0,0,0,,,,0,1,0,,,
6240,0,3,6,0,0.136363636363636,0.230769230769231,0,0,0,0,0,3,0,1,5,,,,0,0,1,0,0.166666666666667,0.833333333333333
6241,,1,0,,0.125,0,,,,1,0,0,0,0,0,,,,1,0,0,,,
6242,2,2,0,0.166666666666667,0.111111111111111,0,2,0,0,0,2,0,0,0,0,1,0,0,0,1,0,,,
6243,14,8,2,0.175,0.242424242424242,0.125,14,0,0,0,7,1,0,0,2,1,0,0,0,0.875,0.125,0,0,1
6244,4,,,0.19047619047619,,,4,0,0,,,,,,,1,0,0,,,,,,
6245,7,10,9,0.1,0.161290322580645,0.128571428571429,7,0,0,0,10,0,0,1,8,1,0,0,0,1,0,0,0.111111111111111,0.888888888888889
6246,5,10,1,0.142857142857143,0.161290322580645,0.2,5,0,0,0,10,0,0,0,1,1,0,0,0,1,0,0,0,1
6247,44,6,4,0.321167883211679,0.333333333333333,0.8,43,0,1,0,6,0,0,0,4,0.977272727272727,0,0.0227272727272727,0,1,0,0,0,1
6248,5,5,6,0.5,0.384615384615385,0.375,5,0,0,1,2,2,1,1,4,1,0,0,0.2,0.4,0.4,0.166666666666667,0.166666666666667,0.666666666666667
6249,6,1,3,0.206896551724138,0.25,0.230769230769231,6,0,0,0,0,1,0,1,2,1,0,0,0,0,1,0,0.333333333333333,0.666666666666667
6250,4,1,1,0.0930232558139535,0.0714285714285714,0.2,4,0,0,0,1,0,0,0,1,1,0,0,0,1,0,0,0,1
6251,2,0,1,0.5,0,0.2,2,0,0,0,0,0,0,0,1,1,0,0,,,,0,0,1
6252,8,0,0,0.2,0,0,8,0,0,0,0,0,0,0,0,1,0,0,,,,,,
6253,2,1,2,1,0.333333333333333,0.666666666666667,2,0,0,0,1,0,0,0,2,1,0,0,0,1,0,0,0,1
6254,2,2,,0.222222222222222,0.153846153846154,,2,0,0,0,2,0,,,,1,0,0,0,1,0,,,
6255,0,7,,0,0.291666666666667,,0,0,0,5,2,0,,,,,,,0.714285714285714,0.285714285714286,0,,,
6256,12,2,0,0.324324324324324,0.111111111111111,0,12,0,0,0,2,0,0,0,0,1,0,0,0,1,0,,,
6257,7,4,0,0.1,0.2,0,7,0,0,0,4,0,0,0,0,1,0,0,0,1,0,,,
6258,7,1,1,0.333333333333333,0.25,0.0555555555555556,7,0,0,0,1,0,0,0,1,1,0,0,0,1,0,0,0,1
6259,,1,,,0.142857142857143,,,,,0,0,1,,,,,,,0,0,1,,,
6260,1,6,4,0.111111111111111,0.666666666666667,0.222222222222222,0,1,0,3,0,3,0,1,3,0,1,0,0.5,0,0.5,0,0.25,0.75
6261,,0,,,0,,,,,0,0,0,,,,,,,,,,,,
6262,7,1,3,0.1,0.2,0.176470588235294,7,0,0,0,1,0,2,0,1,1,0,0,0,1,0,0.666666666666667,0,0.333333333333333
6263,2,1,3,0.333333333333333,0.0833333333333333,0.272727272727273,0,0,2,0,1,0,0,0,3,0,0,1,0,1,0,0,0,1
6264,5,6,2,0.15625,0.142857142857143,0.222222222222222,5,0,0,0,6,0,0,2,0,1,0,0,0,1,0,0,1,0
6265,7,0,0,0.148936170212766,0,0,7,0,0,0,0,0,0,0,0,1,0,0,,,,,,
6266,14,4,0,0.175,0.16,0,14,0,0,0,4,0,0,0,0,1,0,0,0,1,0,,,
6267,24,3,,0.19672131147541,0.375,,24,0,0,0,3,0,,,,1,0,0,0,1,0,,,
6268,1,9,1,0.25,0.692307692307692,1,1,0,0,0,7,2,0,0,1,1,0,0,0,0.777777777777778,0.222222222222222,0,0,1
6269,1,,,0.5,,,1,0,0,,,,,,,1,0,0,,,,,,
6270,4,4,9,0.235294117647059,0.173913043478261,0.128571428571429,3,0,1,0,4,0,0,1,8,0.75,0,0.25,0,1,0,0,0.111111111111111,0.888888888888889
6271,6,3,6,0.25,0.214285714285714,0.193548387096774,6,0,0,0,3,0,0,1,5,1,0,0,0,1,0,0,0.166666666666667,0.833333333333333
6272,11,2,1,0.354838709677419,0.08,0.333333333333333,11,0,0,0,2,0,0,0,1,1,0,0,0,1,0,0,0,1
6273,0,1,1,0,0.25,0.5,0,0,0,0,1,0,0,1,0,,,,0,1,0,0,1,0
6274,1,1,2,0.142857142857143,0.0384615384615385,0.5,1,0,0,0,1,0,0,0,2,1,0,0,0,1,0,0,0,1
6275,44,4,4,0.321167883211679,0.181818181818182,0.173913043478261,43,0,1,0,4,0,0,0,4,0.977272727272727,0,0.0227272727272727,0,1,0,0,0,1
6276,1,3,,0.333333333333333,0.5,,1,0,0,1,1,1,,,,1,0,0,0.333333333333333,0.333333333333333,0.333333333333333,,,
6277,0,0,0,0,0,0,0,0,0,0,0,0,0,0,0,,,,,,,,,
6278,5,10,9,0.227272727272727,0.204081632653061,0.128571428571429,5,0,0,0,10,0,0,1,8,1,0,0,0,1,0,0,0.111111111111111,0.888888888888889
6279,3,10,1,0.428571428571429,0.204081632653061,0.125,3,0,0,0,10,0,0,0,1,1,0,0,0,1,0,0,0,1
6280,5,1,4,0.138888888888889,0.0434782608695652,0.125,5,0,0,0,1,0,0,1,3,1,0,0,0,1,0,0,0.25,0.75
6281,5,1,0,0.185185185185185,0.0714285714285714,0,5,0,0,0,1,0,0,0,0,1,0,0,0,1,0,,,
6282,7,3,1,0.142857142857143,0.142857142857143,0.1,6,0,1,0,3,0,0,0,1,0.857142857142857,0,0.142857142857143,0,1,0,0,0,1
6283,7,3,6,0.1,0.0882352941176471,0.146341463414634,7,0,0,0,3,0,0,2,4,1,0,0,0,1,0,0,0.333333333333333,0.666666666666667
6284,1,1,1,0.0588235294117647,0.111111111111111,0.5,1,0,0,0,1,0,0,1,0,1,0,0,0,1,0,0,1,0
6285,0,4,5,0,0.133333333333333,0.25,0,0,0,0,4,0,0,1,4,,,,0,1,0,0,0.2,0.8
6286,7,2,3,0.148936170212766,0.0869565217391304,0.428571428571429,7,0,0,0,2,0,0,1,2,1,0,0,0,1,0,0,0.333333333333333,0.666666666666667
6287,2,,,0.0625,,,2,0,0,,,,,,,1,0,0,,,,,,
6288,28,2,1,0.345679012345679,0.181818181818182,0.333333333333333,26,1,1,0,2,0,0,0,1,0.928571428571429,0.0357142857142857,0.0357142857142857,0,1,0,0,0,1
6289,0,4,1,0,0.285714285714286,0.2,0,0,0,0,4,0,0,0,1,,,,0,1,0,0,0,1
6290,3,0,0,0.428571428571429,0,0,3,0,0,0,0,0,0,0,0,1,0,0,,,,,,
6291,2,3,5,0.0952380952380952,0.0833333333333333,0.384615384615385,2,0,0,0,0,3,0,1,4,1,0,0,0,0,1,0,0.2,0.8
6292,4,3,2,0.285714285714286,0.5,0.333333333333333,1,3,0,1,1,1,0,1,1,0.25,0.75,0,0.333333333333333,0.333333333333333,0.333333333333333,0,0.5,0.5
6293,8,3,1,0.181818181818182,0.6,0.2,8,0,0,0,2,1,0,0,1,1,0,0,0,0.666666666666667,0.333333333333333,0,0,1
6294,3,0,1,0.428571428571429,0,0.333333333333333,3,0,0,0,0,0,0,0,1,1,0,0,,,,0,0,1
6295,5,1,2,0.454545454545455,0.142857142857143,0.0869565217391304,5,0,0,0,1,0,0,1,1,1,0,0,0,1,0,0,0.5,0.5
6296,2,4,0,0.142857142857143,0.153846153846154,0,2,0,0,0,4,0,0,0,0,1,0,0,0,1,0,,,
6297,8,6,1,0.2,0.157894736842105,0.142857142857143,8,0,0,0,6,0,0,0,1,1,0,0,0,1,0,0,0,1
6298,6,8,2,0.6,0.285714285714286,0.222222222222222,4,1,1,1,1,6,2,0,0,0.666666666666667,0.166666666666667,0.166666666666667,0.125,0.125,0.75,1,0,0
6299,20,2,1,0.210526315789474,0.133333333333333,0.1,20,0,0,0,2,0,0,1,0,1,0,0,0,1,0,0,1,0
6300,7,0,1,0.142857142857143,0,0.2,6,0,1,0,0,0,0,1,0,0.857142857142857,0,0.142857142857143,,,,0,1,0
6301,5,4,24,0.333333333333333,0.571428571428571,0.263736263736264,5,0,0,0,4,0,2,5,17,1,0,0,0,1,0,0.0833333333333333,0.208333333333333,0.708333333333333
6302,7,1,3,0.318181818181818,0.0625,0.0833333333333333,7,0,0,0,1,0,0,0,3,1,0,0,0,1,0,0,0,1
6303,6,4,2,0.214285714285714,0.173913043478261,0.133333333333333,6,0,0,0,4,0,0,1,1,1,0,0,0,1,0,0,0.5,0.5
6304,20,1,0,0.210526315789474,0.0666666666666667,0,20,0,0,0,1,0,0,0,0,1,0,0,0,1,0,,,
6305,1,2,,1,0.333333333333333,,1,0,0,0,2,0,,,,1,0,0,0,1,0,,,
6306,7,0,0,0.205882352941176,0,0,7,0,0,0,0,0,0,0,0,1,0,0,,,,,,
6307,2,1,0,0.222222222222222,0.111111111111111,0,2,0,0,0,1,0,0,0,0,1,0,0,0,1,0,,,
6308,24,5,0,0.19672131147541,0.192307692307692,0,24,0,0,0,5,0,0,0,0,1,0,0,0,1,0,,,
6309,0,0,0,0,0,0,0,0,0,0,0,0,0,0,0,,,,,,,,,
6310,4,3,1,0.333333333333333,0.333333333333333,0.2,4,0,0,0,2,1,0,1,0,1,0,0,0,0.666666666666667,0.333333333333333,0,1,0
6311,8,5,2,0.181818181818182,0.147058823529412,0.5,8,0,0,0,5,0,0,0,2,1,0,0,0,1,0,0,0,1
6312,6,9,1,0.6,0.105882352941176,0.5,4,1,1,1,1,7,0,0,1,0.666666666666667,0.166666666666667,0.166666666666667,0.111111111111111,0.111111111111111,0.777777777777778,0,0,1
6313,24,2,24,0.19672131147541,0.2,0.263736263736264,24,0,0,0,2,0,2,5,17,1,0,0,0,1,0,0.0833333333333333,0.208333333333333,0.708333333333333
6314,0,3,4,0,0.142857142857143,0.285714285714286,0,0,0,0,3,0,1,3,0,,,,0,1,0,0.25,0.75,0
6315,4,1,2,0.210526315789474,0.0666666666666667,0.0952380952380952,4,0,0,0,1,0,0,1,1,1,0,0,0,1,0,0,0.5,0.5
6316,0,6,0,0,0.157894736842105,0,0,0,0,0,6,0,0,0,0,,,,0,1,0,,,
6317,0,8,0,0,0.242424242424242,0,0,0,0,0,7,1,0,0,0,,,,0,0.875,0.125,,,
6318,0,0,1,0,0,0.0526315789473684,0,0,0,0,0,0,0,0,1,,,,,,,0,0,1
6319,3,3,1,0.2,0.115384615384615,0.111111111111111,3,0,0,0,3,0,0,0,1,1,0,0,0,1,0,0,0,1
6320,0,0,0,0,0,0,0,0,0,0,0,0,0,0,0,,,,,,,,,
6321,7,,3,0.636363636363636,,0.375,4,2,1,,,,2,1,0,0.571428571428571,0.285714285714286,0.142857142857143,,,,0.666666666666667,0.333333333333333,0
6322,5,1,1,0.3125,0.0357142857142857,0.0769230769230769,3,1,1,0,1,0,0,0,1,0.6,0.2,0.2,0,1,0,0,0,1
6323,3,2,4,0.1875,0.4,0.363636363636364,3,0,0,0,2,0,0,0,4,1,0,0,0,1,0,0,0,1
6324,4,1,1,0.2,0.2,0.333333333333333,1,1,2,0,0,1,0,1,0,0.25,0.25,0.5,0,0,1,0,1,0
6325,4,1,4,0.19047619047619,0.166666666666667,0.173913043478261,4,0,0,0,1,0,0,0,4,1,0,0,0,1,0,0,0,1
6326,24,0,9,0.19672131147541,0,0.128571428571429,24,0,0,0,0,0,0,1,8,1,0,0,,,,0,0.111111111111111,0.888888888888889
6327,9,1,18,0.105882352941176,0.333333333333333,0.72,1,1,7,0,1,0,15,2,1,0.111111111111111,0.111111111111111,0.777777777777778,0,1,0,0.833333333333333,0.111111111111111,0.0555555555555556
6328,1,1,8,0.333333333333333,0.0434782608695652,0.285714285714286,1,0,0,0,1,0,1,1,6,1,0,0,0,1,0,0.125,0.125,0.75
6329,4,,0,0.2,,0,1,2,1,,,,0,0,0,0.25,0.5,0.25,,,,,,
6330,1,3,1,0.2,0.214285714285714,0.0769230769230769,1,0,0,0,3,0,0,1,0,1,0,0,0,1,0,0,1,0
6331,28,1,1,0.345679012345679,0.166666666666667,0.142857142857143,26,1,1,0,1,0,0,0,1,0.928571428571429,0.0357142857142857,0.0357142857142857,0,1,0,0,0,1
6332,7,1,5,0.148936170212766,0.166666666666667,0.106382978723404,7,0,0,1,0,0,0,0,5,1,0,0,1,0,0,0,0,1
6333,1,6,0,0.0625,0.153846153846154,0,1,0,0,0,6,0,0,0,0,1,0,0,0,1,0,,,
6334,6,3,0,0.206896551724138,0.166666666666667,0,6,0,0,0,3,0,0,0,0,1,0,0,0,1,0,,,
6335,9,8,2,0.257142857142857,0.16,0.1,9,0,0,0,8,0,0,0,2,1,0,0,0,1,0,0,0,1
6336,4,6,4,0.19047619047619,0.230769230769231,0.173913043478261,4,0,0,0,6,0,0,0,4,1,0,0,0,1,0,0,0,1
6337,9,6,0,0.257142857142857,0.230769230769231,0,9,0,0,0,6,0,0,0,0,1,0,0,0,1,0,,,
6338,24,2,24,0.19672131147541,0.117647058823529,0.263736263736264,24,0,0,0,2,0,2,5,17,1,0,0,0,1,0,0.0833333333333333,0.208333333333333,0.708333333333333
6339,3,0,0,0.3,0,0,3,0,0,0,0,0,0,0,0,1,0,0,,,,,,
6340,7,2,0,0.148936170212766,0.5,0,7,0,0,0,0,2,0,0,0,1,0,0,0,0,1,,,
6341,,,,,,,,,,,,,,,,,,,,,,,,
6342,44,4,0,0.321167883211679,0.19047619047619,0,43,0,1,0,4,0,0,0,0,0.977272727272727,0,0.0227272727272727,0,1,0,,,
6343,0,1,,0,0.333333333333333,,0,0,0,0,1,0,,,,,,,0,1,0,,,
6344,1,1,1,0.2,0.111111111111111,0.333333333333333,1,0,0,0,1,0,0,0,1,1,0,0,0,1,0,0,0,1
6345,,2,1,,0.4,0.25,,,,0,2,0,1,0,0,,,,0,1,0,1,0,0
6346,17,11,2,0.68,0.366666666666667,0.285714285714286,13,3,1,11,0,0,0,0,2,0.764705882352941,0.176470588235294,0.0588235294117647,1,0,0,0,0,1
6347,3,3,3,0.214285714285714,0.214285714285714,0.428571428571429,3,0,0,2,1,0,0,1,2,1,0,0,0.666666666666667,0.333333333333333,0,0,0.333333333333333,0.666666666666667
6348,13,2,1,0.464285714285714,0.666666666666667,0.0714285714285714,10,0,3,0,2,0,0,1,0,0.769230769230769,0,0.230769230769231,0,1,0,0,1,0
6349,5,1,1,0.227272727272727,0.0384615384615385,0.166666666666667,5,0,0,0,1,0,1,0,0,1,0,0,0,1,0,1,0,0
6350,0,4,1,0,0.133333333333333,0.2,0,0,0,0,4,0,0,0,1,,,,0,1,0,0,0,1
6351,9,1,,0.375,0.0714285714285714,,6,2,1,0,0,1,,,,0.666666666666667,0.222222222222222,0.111111111111111,0,0,1,,,
6352,,1,24,,0.125,0.263736263736264,,,,0,1,0,2,5,17,,,,0,1,0,0.0833333333333333,0.208333333333333,0.708333333333333
6353,,,4,,,0.125,,,,,,,0,1,3,,,,,,,0,0.25,0.75
6354,0,,,0,,,0,0,0,,,,,,,,,,,,,,,
6355,0,0,5,0,0,0.25,0,0,0,0,0,0,0,1,4,,,,,,,0,0.2,0.8
6356,1,5,2,0.5,0.357142857142857,0.117647058823529,1,0,0,0,5,0,0,0,2,1,0,0,0,1,0,0,0,1
6357,1,0,0,0.0769230769230769,0,0,1,0,0,0,0,0,0,0,0,1,0,0,,,,,,
6358,20,2,1,0.210526315789474,1,0.142857142857143,20,0,0,0,2,0,0,0,1,1,0,0,0,1,0,0,0,1
6359,0,1,1,0,0.166666666666667,0.25,0,0,0,0,0,1,0,0,1,,,,0,0,1,0,0,1
6360,5,1,1,0.217391304347826,0.5,0.25,5,0,0,0,1,0,0,0,1,1,0,0,0,1,0,0,0,1
6361,1,3,,0.166666666666667,0.0833333333333333,,1,0,0,0,0,3,,,,1,0,0,0,0,1,,,
6362,3,0,6,0.272727272727273,0,0.146341463414634,3,0,0,0,0,0,0,2,4,1,0,0,,,,0,0.333333333333333,0.666666666666667
6363,0,,6,0,,0.146341463414634,0,0,0,,,,0,2,4,,,,,,,0,0.333333333333333,0.666666666666667
6364,1,5,2,0.0833333333333333,0.227272727272727,0.25,0,1,0,0,4,1,0,2,0,0,1,0,0,0.8,0.2,0,1,0
6365,3,4,0,0.214285714285714,0.181818181818182,0,3,0,0,0,4,0,0,0,0,1,0,0,0,1,0,,,
6366,2,0,2,0.1,0,0.1,2,0,0,0,0,0,0,0,2,1,0,0,,,,0,0,1
6367,1,0,1,0.333333333333333,0,0.333333333333333,0,0,1,0,0,0,0,1,0,0,0,1,,,,0,1,0
6368,14,10,2,0.175,0.161290322580645,0.125,14,0,0,0,10,0,0,0,2,1,0,0,0,1,0,0,0,1
6369,3,1,4,0.75,0.0454545454545455,0.571428571428571,3,0,0,0,0,1,0,1,3,1,0,0,0,0,1,0,0.25,0.75
6370,10,,1,0.344827586206897,,1,7,0,3,,,,0,0,1,0.7,0,0.3,,,,0,0,1
6371,3,6,1,0.1875,0.142857142857143,0.0416666666666667,3,0,0,0,6,0,0,0,1,1,0,0,0,1,0,0,0,1
6372,1,24,,0.111111111111111,0.263736263736264,,1,0,0,2,5,17,,,,1,0,0,0.0833333333333333,0.208333333333333,0.708333333333333,,,
6373,1,6,4,0.5,0.272727272727273,0.285714285714286,1,0,0,0,6,0,0,0,4,1,0,0,0,1,0,0,0,1
6374,7,4,8,0.142857142857143,0.111111111111111,0.285714285714286,6,0,1,0,4,0,1,1,6,0.857142857142857,0,0.142857142857143,0,1,0,0.125,0.125,0.75
6375,1,3,,0.142857142857143,0.428571428571429,,1,0,0,0,3,0,,,,1,0,0,0,1,0,,,
6376,4,1,2,0.0930232558139535,0.0357142857142857,0.133333333333333,4,0,0,0,1,0,0,1,1,1,0,0,0,1,0,0,0.5,0.5
6377,6,,,0.157894736842105,,,6,0,0,,,,,,,1,0,0,,,,,,
6378,5,2,2,0.294117647058824,0.117647058823529,0.25,5,0,0,0,2,0,1,0,1,1,0,0,0,1,0,0.5,0,0.5
6379,1,,,0.0666666666666667,,,1,0,0,,,,,,,1,0,0,,,,,,
6380,4,2,2,0.363636363636364,0.222222222222222,0.1,4,0,0,0,2,0,0,0,2,1,0,0,0,1,0,0,0,1
6381,14,2,2,0.175,0.0869565217391304,0.2,14,0,0,0,1,1,0,0,2,1,0,0,0,0.5,0.5,0,0,1
6382,5,11,0,0.142857142857143,0.150684931506849,0,5,0,0,0,11,0,0,0,0,1,0,0,0,1,0,,,
6383,7,1,1,0.148936170212766,0.2,0.125,7,0,0,0,1,0,0,0,1,1,0,0,0,1,0,0,0,1
6384,3,8,0,0.12,0.186046511627907,0,3,0,0,0,4,4,0,0,0,1,0,0,0,0.5,0.5,,,
6385,0,0,2,0,0,0.125,0,0,0,0,0,0,0,0,2,,,,,,,0,0,1
6386,0,3,0,0,0.230769230769231,0,0,0,0,0,3,0,0,0,0,,,,0,1,0,,,
6387,3,0,0,0.12,0,0,3,0,0,0,0,0,0,0,0,1,0,0,,,,,,
6388,20,1,,0.210526315789474,0.5,,20,0,0,0,1,0,,,,1,0,0,0,1,0,,,
6389,14,2,,0.175,0.153846153846154,,14,0,0,0,2,0,,,,1,0,0,0,1,0,,,
6390,3,1,14,0.107142857142857,0.5,0.259259259259259,3,0,0,0,1,0,0,5,9,1,0,0,0,1,0,0,0.357142857142857,0.642857142857143
6391,8,5,0,0.181818181818182,0.357142857142857,0,8,0,0,0,5,0,0,0,0,1,0,0,0,1,0,,,
6392,2,1,0,0.285714285714286,0.125,0,2,0,0,0,1,0,0,0,0,1,0,0,0,1,0,,,
6393,2,,0,0.2,,0,2,0,0,,,,0,0,0,1,0,0,,,,,,
6394,7,,1,0.142857142857143,,0.5,6,0,1,,,,0,0,1,0.857142857142857,0,0.142857142857143,,,,0,0,1
6395,2,0,2,0.222222222222222,0,0.4,2,0,0,0,0,0,0,2,0,1,0,0,,,,0,1,0
6396,2,1,0,0.285714285714286,0.125,0,2,0,0,0,1,0,0,0,0,1,0,0,0,1,0,,,
6397,4,3,0,0.210526315789474,0.375,0,4,0,0,0,3,0,0,0,0,1,0,0,0,1,0,,,
6398,0,12,,0,0.244897959183673,,0,0,0,0,12,0,,,,,,,0,1,0,,,
6399,1,,,0.0909090909090909,,,1,0,0,,,,,,,1,0,0,,,,,,
6400,7,1,,0.259259259259259,0.2,,7,0,0,0,0,1,,,,1,0,0,0,0,1,,,
6401,3,11,,0.1875,0.150684931506849,,3,0,0,0,11,0,,,,1,0,0,0,1,0,,,
6402,2,3,0,0.5,0.428571428571429,0,2,0,0,1,2,0,0,0,0,1,0,0,0.333333333333333,0.666666666666667,0,,,
6403,4,1,2,0.210526315789474,0.111111111111111,0.153846153846154,4,0,0,1,0,0,0,2,0,1,0,0,1,0,0,0,1,0
6404,,8,14,,0.242424242424242,0.259259259259259,,,,0,7,1,0,5,9,,,,0,0.875,0.125,0,0.357142857142857,0.642857142857143
6405,17,6,5,0.346938775510204,0.142857142857143,0.277777777777778,17,0,0,0,6,0,0,3,2,1,0,0,0,1,0,0,0.6,0.4
6406,3,2,0,0.107142857142857,0.2,0,3,0,0,0,2,0,0,0,0,1,0,0,0,1,0,,,
6407,2,0,2,0.142857142857143,0,0.117647058823529,2,0,0,0,0,0,0,0,2,1,0,0,,,,0,0,1
6408,1,3,0,0.25,0.428571428571429,0,1,0,0,0,1,2,0,0,0,1,0,0,0,0.333333333333333,0.666666666666667,,,
6409,2,4,3,0.4,0.571428571428571,0.12,2,0,0,0,4,0,0,1,2,1,0,0,0,1,0,0,0.333333333333333,0.666666666666667
6410,0,4,1,0,0.173913043478261,0.0833333333333333,0,0,0,0,4,0,0,0,1,,,,0,1,0,0,0,1
6411,2,1,,0.333333333333333,0.25,,2,0,0,0,1,0,,,,1,0,0,0,1,0,,,
6412,20,,,0.555555555555556,,,17,1,2,,,,,,,0.85,0.05,0.1,,,,,,
6413,1,,1,0.333333333333333,,0.333333333333333,1,0,0,,,,0,1,0,1,0,0,,,,0,1,0
6414,1,4,1,0.5,0.148148148148148,0.0666666666666667,1,0,0,0,4,0,0,1,0,1,0,0,0,1,0,0,1,0
6415,4,1,2,0.363636363636364,0.125,0.25,4,0,0,0,1,0,0,1,1,1,0,0,0,1,0,0,0.5,0.5
6416,1,1,,0.2,0.5,,1,0,0,0,1,0,,,,1,0,0,0,1,0,,,
6417,6,,1,0.206896551724138,,0.0833333333333333,6,0,0,,,,0,1,0,1,0,0,,,,0,1,0
6418,2,24,0,0.4,0.263736263736264,0,2,0,0,2,5,17,0,0,0,1,0,0,0.0833333333333333,0.208333333333333,0.708333333333333,,,
6419,5,1,0,0.227272727272727,0.5,0,5,0,0,0,1,0,0,0,0,1,0,0,0,1,0,,,
6420,2,0,0,0.333333333333333,0,0,2,0,0,0,0,0,0,0,0,1,0,0,,,,,,
6421,4,2,0,0.0930232558139535,0.166666666666667,0,4,0,0,0,2,0,0,0,0,1,0,0,0,1,0,,,
6422,4,1,0,0.210526315789474,0.111111111111111,0,4,0,0,0,1,0,0,0,0,1,0,0,0,1,0,,,
6423,17,1,3,0.68,0.111111111111111,0.176470588235294,13,3,1,0,1,0,0,1,2,0.764705882352941,0.176470588235294,0.0588235294117647,0,1,0,0,0.333333333333333,0.666666666666667
6424,0,12,2,0,0.244897959183673,0.5,0,0,0,0,12,0,0,0,2,,,,0,1,0,0,0,1
6425,0,1,3,0,0.125,0.5,0,0,0,0,1,0,0,0,3,,,,0,1,0,0,0,1
6426,7,24,2,0.636363636363636,0.263736263736264,0.1,4,2,1,2,5,17,0,0,2,0.571428571428571,0.285714285714286,0.142857142857143,0.0833333333333333,0.208333333333333,0.708333333333333,0,0,1
6427,,3,1,,0.157894736842105,0.5,,,,0,3,0,0,0,1,,,,0,1,0,0,0,1
6428,0,1,1,0,0.0833333333333333,0.0714285714285714,0,0,0,0,1,0,0,0,1,,,,0,1,0,0,0,1
6429,0,3,2,0,0.157894736842105,0.25,0,0,0,0,3,0,0,2,0,,,,0,1,0,0,1,0
6430,24,1,8,0.19672131147541,0.111111111111111,0.285714285714286,24,0,0,0,0,1,1,1,6,1,0,0,0,0,1,0.125,0.125,0.75
6431,2,6,9,0.333333333333333,0.230769230769231,0.128571428571429,2,0,0,0,6,0,0,1,8,1,0,0,0,1,0,0,0.111111111111111,0.888888888888889
6432,28,4,1,0.345679012345679,0.2,0.0833333333333333,26,1,1,1,1,2,0,0,1,0.928571428571429,0.0357142857142857,0.0357142857142857,0.25,0.25,0.5,0,0,1
6433,0,1,7,0,0.5,0.142857142857143,0,0,0,0,0,1,6,0,1,,,,0,0,1,0.857142857142857,0,0.142857142857143
6434,2,0,,0.285714285714286,0,,2,0,0,0,0,0,,,,1,0,0,,,,,,
6435,28,0,4,0.345679012345679,0,0.2,26,1,1,0,0,0,1,1,2,0.928571428571429,0.0357142857142857,0.0357142857142857,,,,0.25,0.25,0.5
6436,4,1,0,0.571428571428571,0.111111111111111,0,1,0,3,0,1,0,0,0,0,0.25,0,0.75,0,1,0,,,
6437,2,1,2,0.142857142857143,0.125,0.153846153846154,2,0,0,0,1,0,0,1,1,1,0,0,0,1,0,0,0.5,0.5
6438,1,1,0,0.25,0.333333333333333,0,1,0,0,0,0,1,0,0,0,1,0,0,0,0,1,,,
6439,3,,2,0.5,,0.0869565217391304,2,0,1,,,,0,1,1,0.666666666666667,0,0.333333333333333,,,,0,0.5,0.5
6440,2,6,0,0.0909090909090909,0.142857142857143,0,2,0,0,0,6,0,0,0,0,1,0,0,0,1,0,,,
6441,0,1,1,0,0.0526315789473684,0.25,0,0,0,0,1,0,0,0,1,,,,0,1,0,0,0,1
6442,11,0,0,0.354838709677419,0,0,11,0,0,0,0,0,0,0,0,1,0,0,,,,,,
6443,4,8,,0.0930232558139535,0.242424242424242,,4,0,0,0,7,1,,,,1,0,0,0,0.875,0.125,,,
6444,1,0,1,1,0,0.1,1,0,0,0,0,0,1,0,0,1,0,0,,,,1,0,0
6445,44,3,,0.321167883211679,0.272727272727273,,43,0,1,0,3,0,,,,0.977272727272727,0,0.0227272727272727,0,1,0,,,
6446,0,4,0,0,0.222222222222222,0,0,0,0,0,1,3,0,0,0,,,,0,0.25,0.75,,,
6447,5,3,0,0.294117647058824,0.142857142857143,0,5,0,0,0,3,0,0,0,0,1,0,0,0,1,0,,,
6448,0,3,1,0,0.0833333333333333,0.125,0,0,0,0,0,3,0,1,0,,,,0,0,1,0,1,0
6449,7,1,,0.291666666666667,1,,5,2,0,0,1,0,,,,0.714285714285714,0.285714285714286,0,0,1,0,,,
6450,0,,,0,,,0,0,0,,,,,,,,,,,,,,,
6451,2,8,0,0.25,0.285714285714286,0,0,0,2,1,1,6,0,0,0,0,0,1,0.125,0.125,0.75,,,
6452,3,2,0,0.3,0.1,0,3,0,0,0,1,1,0,0,0,1,0,0,0,0.5,0.5,,,
6453,,0,0,,0,0,,,,0,0,0,0,0,0,,,,,,,,,
6454,12,,0,0.324324324324324,,0,12,0,0,,,,0,0,0,1,0,0,,,,,,
6455,0,0,,0,0,,0,0,0,0,0,0,,,,,,,,,,,,
6456,,0,0,,0,0,,,,0,0,0,0,0,0,,,,,,,,,
6457,2,1,6,0.222222222222222,0.166666666666667,0.230769230769231,2,0,0,0,1,0,0,1,5,1,0,0,0,1,0,0,0.166666666666667,0.833333333333333
6458,3,,0,0.75,,0,3,0,0,,,,0,0,0,1,0,0,,,,,,
6459,1,0,0,0.25,0,0,1,0,0,0,0,0,0,0,0,1,0,0,,,,,,
6460,13,6,0,0.464285714285714,0.142857142857143,0,10,0,3,0,6,0,0,0,0,0.769230769230769,0,0.230769230769231,0,1,0,,,
6461,2,4,2,0.666666666666667,0.173913043478261,0.125,2,0,0,0,4,0,1,0,1,1,0,0,0,1,0,0.5,0,0.5
6462,0,4,4,0,0.173913043478261,0.4,0,0,0,0,4,0,0,1,3,,,,0,1,0,0,0.25,0.75
6463,1,1,4,0.25,0.0909090909090909,0.153846153846154,1,0,0,0,1,0,0,1,3,1,0,0,0,1,0,0,0.25,0.75
6464,44,2,1,0.321167883211679,0.333333333333333,0.142857142857143,43,0,1,0,2,0,0,0,1,0.977272727272727,0,0.0227272727272727,0,1,0,0,0,1
6465,2,1,2,0.5,0.0833333333333333,0.25,2,0,0,0,0,1,0,2,0,1,0,0,0,0,1,0,1,0
6466,1,5,1,0.333333333333333,0.227272727272727,0.333333333333333,1,0,0,0,4,1,0,1,0,1,0,0,0,0.8,0.2,0,1,0
6467,3,6,,0.2,0.142857142857143,,3,0,0,0,6,0,,,,1,0,0,0,1,0,,,
6468,3,3,,0.12,0.6,,3,0,0,0,3,0,,,,1,0,0,0,1,0,,,
6469,3,4,1,0.214285714285714,0.285714285714286,0.0625,3,0,0,0,4,0,0,0,1,1,0,0,0,1,0,0,0,1
6470,5,1,14,0.15625,0.0416666666666667,0.259259259259259,5,0,0,0,0,1,0,5,9,1,0,0,0,0,1,0,0.357142857142857,0.642857142857143
6471,1,10,1,0.0625,0.204081632653061,0.0526315789473684,1,0,0,0,10,0,0,0,1,1,0,0,0,1,0,0,0,1
6472,3,8,2,0.230769230769231,0.266666666666667,0.285714285714286,3,0,0,0,7,1,0,0,2,1,0,0,0,0.875,0.125,0,0,1
6473,28,5,0,0.345679012345679,0.555555555555556,0,26,1,1,0,5,0,0,0,0,0.928571428571429,0.0357142857142857,0.0357142857142857,0,1,0,,,
6474,2,4,0,0.117647058823529,0.285714285714286,0,2,0,0,0,4,0,0,0,0,1,0,0,0,1,0,,,
6475,5,,1,0.217391304347826,,0.1,5,0,0,,,,0,0,1,1,0,0,,,,0,0,1
6476,5,6,0,0.138888888888889,0.230769230769231,0,5,0,0,0,6,0,0,0,0,1,0,0,0,1,0,,,
6477,1,11,1,0.333333333333333,0.150684931506849,0.0555555555555556,1,0,0,0,11,0,0,0,1,1,0,0,0,1,0,0,0,1
6478,0,2,2,0,0.125,0.153846153846154,0,0,0,0,0,2,0,0,2,,,,0,0,1,0,0,1
6479,20,4,0,0.210526315789474,0.333333333333333,0,20,0,0,0,4,0,0,0,0,1,0,0,0,1,0,,,
6480,3,4,1,0.333333333333333,0.2,0.142857142857143,3,0,0,0,2,2,0,1,0,1,0,0,0,0.5,0.5,0,1,0
6481,17,2,1,0.68,0.153846153846154,0.0625,13,3,1,0,2,0,0,0,1,0.764705882352941,0.176470588235294,0.0588235294117647,0,1,0,0,0,1
6482,3,0,1,0.214285714285714,0,0.0909090909090909,3,0,0,0,0,0,0,0,1,1,0,0,,,,0,0,1
6483,2,,0,0.666666666666667,,0,2,0,0,,,,0,0,0,1,0,0,,,,,,
6484,,4,0,,0.5,0,,,,1,2,1,0,0,0,,,,0.25,0.5,0.25,,,
6485,6,1,1,0.2,0.0434782608695652,0.0416666666666667,6,0,0,0,1,0,0,0,1,1,0,0,0,1,0,0,0,1
6486,0,3,,0,0.5,,0,0,0,2,1,0,,,,,,,0.666666666666667,0.333333333333333,0,,,
6487,7,4,1,0.142857142857143,0.333333333333333,0.2,6,0,1,0,0,4,0,0,1,0.857142857142857,0,0.142857142857143,0,0,1,0,0,1
6488,6,0,0,0.333333333333333,0,0,6,0,0,0,0,0,0,0,0,1,0,0,,,,,,
6489,3,2,1,0.272727272727273,0.25,0.0714285714285714,3,0,0,0,2,0,0,0,1,1,0,0,0,1,0,0,0,1
6490,0,6,20,0,0.4,0.555555555555556,0,0,0,1,3,2,17,1,2,,,,0.166666666666667,0.5,0.333333333333333,0.85,0.05,0.1
6491,17,,2,0.68,,0.181818181818182,13,3,1,,,,0,1,1,0.764705882352941,0.176470588235294,0.0588235294117647,,,,0,0.5,0.5
6492,1,1,0,0.25,0.5,0,0,1,0,0,1,0,0,0,0,0,1,0,0,1,0,,,
6493,2,1,1,0.153846153846154,0.5,0.25,2,0,0,0,1,0,0,0,1,1,0,0,0,1,0,0,0,1
6494,3,1,,0.214285714285714,0.125,,2,1,0,0,1,0,,,,0.666666666666667,0.333333333333333,0,0,1,0,,,
6495,20,4,,0.210526315789474,0.173913043478261,,20,0,0,0,4,0,,,,1,0,0,0,1,0,,,
6496,17,6,0,0.346938775510204,0.230769230769231,0,17,0,0,0,6,0,0,0,0,1,0,0,0,1,0,,,
6497,7,2,1,0.142857142857143,0.25,0.2,6,0,1,0,2,0,0,0,1,0.857142857142857,0,0.142857142857143,0,1,0,0,0,1
6498,0,0,5,0,0,0.106382978723404,0,0,0,0,0,0,0,0,5,,,,,,,0,0,1
6499,7,8,9,0.142857142857143,0.242424242424242,0.105882352941176,6,0,1,0,7,1,1,1,7,0.857142857142857,0,0.142857142857143,0,0.875,0.125,0.111111111111111,0.111111111111111,0.777777777777778
6500,0,6,8,0,0.230769230769231,0.186046511627907,0,0,0,0,6,0,0,4,4,,,,0,1,0,0,0.5,0.5
6501,28,1,0,0.345679012345679,0.0769230769230769,0,26,1,1,0,0,1,0,0,0,0.928571428571429,0.0357142857142857,0.0357142857142857,0,0,1,,,
6502,5,1,6,0.142857142857143,0.037037037037037,0.193548387096774,5,0,0,0,0,1,0,1,5,1,0,0,0,0,1,0,0.166666666666667,0.833333333333333
6503,2,4,2,0.0909090909090909,0.133333333333333,0.125,2,0,0,0,4,0,0,0,2,1,0,0,0,1,0,0,0,1
6504,3,1,2,0.1875,0.166666666666667,0.153846153846154,3,0,0,0,1,0,0,2,0,1,0,0,0,1,0,0,1,0
6505,0,2,,0,0.166666666666667,,0,0,0,0,2,0,,,,,,,0,1,0,,,
6506,7,2,1,0.205882352941176,0.133333333333333,0.333333333333333,7,0,0,1,1,0,0,1,0,1,0,0,0.5,0.5,0,0,1,0
6507,1,8,,0.142857142857143,0.266666666666667,,0,0,1,0,7,1,,,,0,0,1,0,0.875,0.125,,,
6508,,10,1,,0.204081632653061,0.1,,,,0,10,0,0,0,1,,,,0,1,0,0,0,1
6509,14,4,3,0.285714285714286,0.363636363636364,0.15,14,0,0,0,4,0,0,0,3,1,0,0,0,1,0,0,0,1
6510,20,6,3,0.210526315789474,0.260869565217391,0.12,20,0,0,0,6,0,0,1,2,1,0,0,0,1,0,0,0.333333333333333,0.666666666666667
6511,,,,,,,,,,,,,,,,,,,,,,,,
6512,6,,,0.2,,,6,0,0,,,,,,,1,0,0,,,,,,
6513,0,3,,0,0.176470588235294,,0,0,0,0,3,0,,,,,,,0,1,0,,,
6514,,,,,,,,,,,,,,,,,,,,,,,,
6515,5,24,2,0.217391304347826,0.263736263736264,0.5,5,0,0,2,5,17,0,1,1,1,0,0,0.0833333333333333,0.208333333333333,0.708333333333333,0,0.5,0.5
6516,0,3,0,0,0.12,0,0,0,0,0,1,2,0,0,0,,,,0,0.333333333333333,0.666666666666667,,,
6517,2,13,0,0.333333333333333,0.333333333333333,0,2,0,0,1,3,9,0,0,0,1,0,0,0.0769230769230769,0.230769230769231,0.692307692307692,,,
6518,0,6,,0,0.333333333333333,,0,0,0,0,6,0,,,,,,,0,1,0,,,
6519,,,,,,,,,,,,,,,,,,,,,,,,
6520,1,,,0.333333333333333,,,1,0,0,,,,,,,1,0,0,,,,,,
6521,44,2,0,0.321167883211679,0.133333333333333,0,43,0,1,0,2,0,0,0,0,0.977272727272727,0,0.0227272727272727,0,1,0,,,
6522,1,1,,0.0909090909090909,0.0555555555555556,,1,0,0,0,0,1,,,,1,0,0,0,0,1,,,
6523,4,6,,0.0930232558139535,0.2,,4,0,0,0,1,5,,,,1,0,0,0,0.166666666666667,0.833333333333333,,,
6524,5,2,0,0.3125,0.117647058823529,0,3,1,1,0,2,0,0,0,0,0.6,0.2,0.2,0,1,0,,,
6525,1,4,4,0.125,0.571428571428571,0.235294117647059,1,0,0,0,4,0,0,0,4,1,0,0,0,1,0,0,0,1
6526,,,0,,,0,,,,,,,0,0,0,,,,,,,,,
6527,1,6,4,0.111111111111111,0.666666666666667,0.222222222222222,0,1,0,3,0,3,0,1,3,0,1,0,0.5,0,0.5,0,0.25,0.75
6528,3,3,6,0.1875,0.214285714285714,0.193548387096774,3,0,0,0,3,0,0,1,5,1,0,0,0,1,0,0,0.166666666666667,0.833333333333333
6529,,,0,,,0,,,,,,,0,0,0,,,,,,,,,
6530,3,1,2,0.230769230769231,0.0555555555555556,0.222222222222222,3,0,0,0,0,1,2,0,0,1,0,0,0,0,1,1,0,0
6531,18,,,0.72,,,15,2,1,,,,,,,0.833333333333333,0.111111111111111,0.0555555555555556,,,,,,
6532,7,8,,0.1,0.242424242424242,,7,0,0,0,7,1,,,,1,0,0,0,0.875,0.125,,,
6533,3,0,0,0.111111111111111,0,0,3,0,0,0,0,0,0,0,0,1,0,0,,,,,,
6534,1,1,,0.111111111111111,0.166666666666667,,1,0,0,0,1,0,,,,1,0,0,0,1,0,,,
6535,2,2,0,0.0909090909090909,0.25,0,2,0,0,0,2,0,0,0,0,1,0,0,0,1,0,,,
6536,7,4,,0.4375,0.181818181818182,,7,0,0,1,1,2,,,,1,0,0,0.25,0.25,0.5,,,
6537,,,,,,,,,,,,,,,,,,,,,,,,
6538,,3,0,,0.375,0,,,,0,3,0,0,0,0,,,,0,1,0,,,
6539,12,2,0,0.324324324324324,0.5,0,12,0,0,0,1,1,0,0,0,1,0,0,0,0.5,0.5,,,
6540,6,1,0,0.25,0.142857142857143,0,6,0,0,0,0,1,0,0,0,1,0,0,0,0,1,,,
6541,14,12,4,0.285714285714286,0.244897959183673,0.363636363636364,14,0,0,0,12,0,0,0,4,1,0,0,0,1,0,0,0,1
6542,44,4,24,0.321167883211679,0.173913043478261,0.263736263736264,43,0,1,0,4,0,2,5,17,0.977272727272727,0,0.0227272727272727,0,1,0,0.0833333333333333,0.208333333333333,0.708333333333333
6543,3,2,1,0.1875,0.4,0.333333333333333,3,0,0,0,2,0,0,0,1,1,0,0,0,1,0,0,0,1
6544,11,,1,0.354838709677419,,0.25,11,0,0,,,,1,0,0,1,0,0,,,,1,0,0
6545,2,4,1,0.285714285714286,0.19047619047619,0.0666666666666667,2,0,0,0,4,0,0,1,0,1,0,0,0,1,0,0,1,0
6546,14,,,0.175,,,14,0,0,,,,,,,1,0,0,,,,,,
6547,2,1,12,0.166666666666667,0.333333333333333,0.444444444444444,2,0,0,0,1,0,0,4,8,1,0,0,0,1,0,0,0.333333333333333,0.666666666666667
6548,,1,0,,0.0909090909090909,0,,,,0,0,1,0,0,0,,,,0,0,1,,,
6549,,4,4,,0.307692307692308,0.8,,,,0,4,0,0,2,2,,,,0,1,0,0,0.5,0.5
6550,6,0,9,0.333333333333333,0,0.128571428571429,6,0,0,0,0,0,0,1,8,1,0,0,,,,0,0.111111111111111,0.888888888888889
6551,7,3,3,0.1,0.5,0.107142857142857,7,0,0,0,3,0,0,0,3,1,0,0,0,1,0,0,0,1
6552,44,5,6,0.321167883211679,0.147058823529412,0.2,43,0,1,0,5,0,0,1,5,0.977272727272727,0,0.0227272727272727,0,1,0,0,0.166666666666667,0.833333333333333
6553,3,1,0,0.3,0.25,0,3,0,0,0,1,0,0,0,0,1,0,0,0,1,0,,,
6554,1,8,1,0.166666666666667,0.242424242424242,0.166666666666667,1,0,0,0,7,1,0,1,0,1,0,0,0,0.875,0.125,0,1,0
6555,7,1,0,0.205882352941176,0.166666666666667,0,7,0,0,0,1,0,0,0,0,1,0,0,0,1,0,,,
6556,1,0,0,0.125,0,0,0,1,0,0,0,0,0,0,0,0,1,0,,,,,,
6557,2,3,1,0.222222222222222,0.0882352941176471,0.0833333333333333,2,0,0,0,3,0,0,0,1,1,0,0,0,1,0,0,0,1
6558,24,,2,0.19672131147541,,0.333333333333333,24,0,0,,,,0,0,2,1,0,0,,,,0,0,1
6559,0,1,2,0,0.125,0.153846153846154,0,0,0,0,1,0,0,0,2,,,,0,1,0,0,0,1
6560,0,0,,0,0,,0,0,0,0,0,0,,,,,,,,,,,,
6561,1,9,4,0.333333333333333,0.105882352941176,0.19047619047619,0,1,0,1,1,7,1,2,1,0,1,0,0.111111111111111,0.111111111111111,0.777777777777778,0.25,0.5,0.25
6562,2,1,2,0.25,0.142857142857143,0.153846153846154,2,0,0,0,1,0,0,0,2,1,0,0,0,1,0,0,0,1
6563,,,,,,,,,,,,,,,,,,,,,,,,
6564,1,1,1,0.111111111111111,0.166666666666667,0.333333333333333,1,0,0,0,1,0,0,0,1,1,0,0,0,1,0,0,0,1
6565,0,8,1,0,0.242424242424242,0.25,0,0,0,0,7,1,0,0,1,,,,0,0.875,0.125,0,0,1
6566,0,1,0,0,0.0625,0,0,0,0,0,1,0,0,0,0,,,,0,1,0,,,
6567,6,,9,0.206896551724138,,0.105882352941176,6,0,0,,,,1,1,7,1,0,0,,,,0.111111111111111,0.111111111111111,0.777777777777778
6568,0,2,0,0,0.222222222222222,0,0,0,0,0,2,0,0,0,0,,,,0,1,0,,,
6569,2,0,0,0.0625,0,0,2,0,0,0,0,0,0,0,0,1,0,0,,,,,,
6570,8,1,3,0.470588235294118,0.0833333333333333,0.130434782608696,8,0,0,0,1,0,0,1,2,1,0,0,0,1,0,0,0.333333333333333,0.666666666666667
6571,24,10,5,0.19672131147541,0.204081632653061,0.106382978723404,24,0,0,0,10,0,0,0,5,1,0,0,0,1,0,0,0,1
6572,1,1,,0.2,0.142857142857143,,1,0,0,1,0,0,,,,1,0,0,1,0,0,,,
6573,3,0,2,0.1875,0,0.1,3,0,0,0,0,0,0,0,2,1,0,0,,,,0,0,1
6574,11,4,2,0.354838709677419,0.222222222222222,0.4,11,0,0,0,1,3,1,0,1,1,0,0,0,0.25,0.75,0.5,0,0.5
6575,4,2,,0.222222222222222,0.333333333333333,,3,0,1,0,1,1,,,,0.75,0,0.25,0,0.5,0.5,,,
6576,,6,3,,0.230769230769231,0.107142857142857,,,,0,1,5,0,0,3,,,,0,0.166666666666667,0.833333333333333,0,0,1
6577,3,5,,0.230769230769231,0.25,,0,2,1,0,1,4,,,,0,0.666666666666667,0.333333333333333,0,0.2,0.8,,,
6578,2,1,1,0.222222222222222,0.0625,0.142857142857143,2,0,0,0,1,0,0,0,1,1,0,0,0,1,0,0,0,1
6579,7,0,0,0.148936170212766,0,0,7,0,0,0,0,0,0,0,0,1,0,0,,,,,,
6580,2,0,,0.333333333333333,0,,2,0,0,0,0,0,,,,1,0,0,,,,,,
6581,3,4,1,0.1875,0.285714285714286,0.2,3,0,0,0,4,0,0,0,1,1,0,0,0,1,0,0,0,1
6582,9,24,0,0.257142857142857,0.263736263736264,0,9,0,0,2,5,17,0,0,0,1,0,0,0.0833333333333333,0.208333333333333,0.708333333333333,,,
6583,7,0,0,0.148936170212766,0,0,7,0,0,0,0,0,0,0,0,1,0,0,,,,,,
6584,3,1,1,0.428571428571429,0.0666666666666667,0.2,3,0,0,0,1,0,0,0,1,1,0,0,0,1,0,0,0,1
6585,17,0,,0.68,0,,13,3,1,0,0,0,,,,0.764705882352941,0.176470588235294,0.0588235294117647,,,,,,
6586,9,1,1,0.257142857142857,0.0357142857142857,0.2,9,0,0,0,1,0,0,1,0,1,0,0,0,1,0,0,1,0
6587,44,0,,0.321167883211679,0,,43,0,1,0,0,0,,,,0.977272727272727,0,0.0227272727272727,,,,,,
6588,7,2,1,0.148936170212766,0.181818181818182,0.142857142857143,7,0,0,0,2,0,0,0,1,1,0,0,0,1,0,0,0,1
6589,0,8,1,0,0.16,1,0,0,0,0,8,0,0,0,1,,,,0,1,0,0,0,1
6590,3,6,1,0.1875,0.157894736842105,0.0833333333333333,3,0,0,0,6,0,0,0,1,1,0,0,0,1,0,0,0,1
6591,0,0,2,0,0,0.111111111111111,0,0,0,0,0,0,0,1,1,,,,,,,0,0.5,0.5
6592,7,0,2,0.194444444444444,0,0.125,7,0,0,0,0,0,0,0,2,1,0,0,,,,0,0,1
6593,1,,0,0.0588235294117647,,0,1,0,0,,,,0,0,0,1,0,0,,,,,,
6594,7,8,0,0.148936170212766,0.242424242424242,0,7,0,0,0,7,1,0,0,0,1,0,0,0,0.875,0.125,,,
6595,3,3,9,0.214285714285714,0.6,0.105882352941176,3,0,0,0,3,0,1,1,7,1,0,0,0,1,0,0.111111111111111,0.111111111111111,0.777777777777778
6596,4,1,1,0.266666666666667,0.0833333333333333,0.333333333333333,4,0,0,0,1,0,0,0,1,1,0,0,0,1,0,0,0,1
6597,3,12,24,0.1875,0.244897959183673,0.263736263736264,3,0,0,0,12,0,2,5,17,1,0,0,0,1,0,0.0833333333333333,0.208333333333333,0.708333333333333
6598,17,0,0,0.68,0,0,13,3,1,0,0,0,0,0,0,0.764705882352941,0.176470588235294,0.0588235294117647,,,,,,
6599,1,3,2,0.333333333333333,0.375,0.25,1,0,0,0,3,0,0,0,2,1,0,0,0,1,0,0,0,1
6600,4,3,1,0.2,0.214285714285714,0.0555555555555556,4,0,0,0,3,0,0,0,1,1,0,0,0,1,0,0,0,1
6601,3,2,1,0.157894736842105,0.4,0.0714285714285714,3,0,0,0,2,0,0,1,0,1,0,0,0,1,0,0,1,0
6602,2,2,,0.222222222222222,0.0869565217391304,,2,0,0,0,1,1,,,,1,0,0,0,0.5,0.5,,,
6603,0,4,2,0,0.111111111111111,0.25,0,0,0,0,4,0,0,2,0,,,,0,1,0,0,1,0
6604,2,0,0,0.285714285714286,0,0,2,0,0,0,0,0,0,0,0,1,0,0,,,,,,
6605,8,0,0,0.181818181818182,0,0,8,0,0,0,0,0,0,0,0,1,0,0,,,,,,
6606,8,3,1,0.181818181818182,0.0882352941176471,0.142857142857143,8,0,0,0,3,0,0,0,1,1,0,0,0,1,0,0,0,1
6607,2,3,2,0.333333333333333,0.230769230769231,0.5,1,1,0,0,2,1,2,0,0,0.5,0.5,0,0,0.666666666666667,0.333333333333333,1,0,0
6608,44,2,1,0.321167883211679,0.0833333333333333,0.142857142857143,43,0,1,0,2,0,0,0,1,0.977272727272727,0,0.0227272727272727,0,1,0,0,0,1
6609,5,1,4,0.217391304347826,0.25,0.2,5,0,0,0,0,1,1,1,2,1,0,0,0,0,1,0.25,0.25,0.5
6610,1,,,0.0555555555555556,,,1,0,0,,,,,,,1,0,0,,,,,,
6611,8,0,0,0.181818181818182,0,0,8,0,0,0,0,0,0,0,0,1,0,0,,,,,,
6612,9,,,0.375,,,6,2,1,,,,,,,0.666666666666667,0.222222222222222,0.111111111111111,,,,,,
6613,2,1,1,0.125,0.0714285714285714,0.333333333333333,2,0,0,0,1,0,0,0,1,1,0,0,0,1,0,0,0,1
6614,1,1,2,1,0.0357142857142857,0.25,1,0,0,0,1,0,0,0,2,1,0,0,0,1,0,0,0,1
6615,13,8,1,0.464285714285714,0.16,0.333333333333333,10,0,3,0,8,0,0,0,1,0.769230769230769,0,0.230769230769231,0,1,0,0,0,1
6616,44,5,3,0.321167883211679,0.192307692307692,0.176470588235294,43,0,1,0,5,0,2,0,1,0.977272727272727,0,0.0227272727272727,0,1,0,0.666666666666667,0,0.333333333333333
6617,1,2,1,0.0666666666666667,0.166666666666667,0.0833333333333333,1,0,0,0,2,0,0,0,1,1,0,0,0,1,0,0,0,1
6618,1,0,0,0.25,0,0,1,0,0,0,0,0,0,0,0,1,0,0,,,,,,
6619,10,0,5,0.263157894736842,0,0.454545454545455,10,0,0,0,0,0,0,3,2,1,0,0,,,,0,0.6,0.4
6620,5,3,1,0.138888888888889,0.142857142857143,0.333333333333333,5,0,0,0,3,0,0,0,1,1,0,0,0,1,0,0,0,1
6621,,,,,,,,,,,,,,,,,,,,,,,,
6622,,,,,,,,,,,,,,,,,,,,,,,,
6623,0,,,0,,,0,0,0,,,,,,,,,,,,,,,
6624,,3,1,,0.115384615384615,0.166666666666667,,,,0,3,0,0,0,1,,,,0,1,0,0,0,1
6625,7,0,0,0.291666666666667,0,0,5,2,0,0,0,0,0,0,0,0.714285714285714,0.285714285714286,0,,,,,,
6626,7,0,1,0.259259259259259,0,0.5,7,0,0,0,0,0,0,1,0,1,0,0,,,,0,1,0
6627,0,1,,0,0.333333333333333,,0,0,0,0,1,0,,,,,,,0,1,0,,,
6628,1,,4,0.333333333333333,,0.4,1,0,0,,,,0,1,3,1,0,0,,,,0,0.25,0.75
6629,8,0,2,0.5,0,0.166666666666667,4,1,3,0,0,0,1,1,0,0.5,0.125,0.375,,,,0.5,0.5,0
6630,18,9,0,0.72,0.375,0,15,2,1,6,2,1,0,0,0,0.833333333333333,0.111111111111111,0.0555555555555556,0.666666666666667,0.222222222222222,0.111111111111111,,,
6631,0,,0,0,,0,0,0,0,,,,0,0,0,,,,,,,,,
6632,4,1,0,0.333333333333333,1,0,1,1,2,0,1,0,0,0,0,0.25,0.25,0.5,0,1,0,,,
6633,0,1,4,0,0.0833333333333333,0.363636363636364,0,0,0,0,1,0,0,0,4,,,,0,1,0,0,0,1
6634,,,,,,,,,,,,,,,,,,,,,,,,
6635,7,3,2,0.142857142857143,0.0789473684210526,0.0909090909090909,6,0,1,0,2,1,0,1,1,0.857142857142857,0,0.142857142857143,0,0.666666666666667,0.333333333333333,0,0.5,0.5
6636,28,2,9,0.345679012345679,0.4,0.18,26,1,1,0,1,1,0,3,6,0.928571428571429,0.0357142857142857,0.0357142857142857,0,0.5,0.5,0,0.333333333333333,0.666666666666667
6637,6,0,1,0.25,0,0.0833333333333333,6,0,0,0,0,0,0,0,1,1,0,0,,,,0,0,1
6638,49,1,0,0.628205128205128,0.142857142857143,0,34,8,7,0,0,1,0,0,0,0.693877551020408,0.163265306122449,0.142857142857143,0,0,1,,,
6639,,2,1,,0.4,0.25,,,,0,2,0,1,0,0,,,,0,1,0,1,0,0
6640,5,0,2,0.119047619047619,0,0.5,5,0,0,0,0,0,1,0,1,1,0,0,,,,0.5,0,0.5
6641,0,4,1,0,0.111111111111111,0.5,0,0,0,0,4,0,0,0,1,,,,0,1,0,0,0,1
6642,17,11,1,0.346938775510204,0.150684931506849,0.1,17,0,0,0,11,0,0,0,1,1,0,0,0,1,0,0,0,1
6643,,1,2,,0.166666666666667,0.333333333333333,,,,1,0,0,0,1,1,,,,1,0,0,0,0.5,0.5
6644,7,3,0,0.142857142857143,0.0882352941176471,0,6,0,1,0,3,0,0,0,0,0.857142857142857,0,0.142857142857143,0,1,0,,,
6645,,49,13,,0.628205128205128,0.333333333333333,,,,34,8,7,1,3,9,,,,0.693877551020408,0.163265306122449,0.142857142857143,0.0769230769230769,0.230769230769231,0.692307692307692
6646,7,0,,0.142857142857143,0,,6,0,1,0,0,0,,,,0.857142857142857,0,0.142857142857143,,,,,,
6647,9,,,0.375,,,6,2,1,,,,,,,0.666666666666667,0.222222222222222,0.111111111111111,,,,,,
6648,,0,,,0,,,,,0,0,0,,,,,,,,,,,,
6649,9,0,1,0.257142857142857,0,0.0769230769230769,9,0,0,0,0,0,0,1,0,1,0,0,,,,0,1,0
6650,6,,1,0.206896551724138,,0.5,6,0,0,,,,0,0,1,1,0,0,,,,0,0,1
6651,0,6,5,0,0.260869565217391,0.25,0,0,0,0,6,0,0,1,4,,,,0,1,0,0,0.2,0.8
6652,0,10,1,0,0.161290322580645,0.125,0,0,0,0,10,0,0,0,1,,,,0,1,0,0,0,1
6653,,0,9,,0,0.105882352941176,,,,0,0,0,1,1,7,,,,,,,0.111111111111111,0.111111111111111,0.777777777777778
6654,11,7,2,0.354838709677419,0.7,0.4,11,0,0,2,4,1,0,1,1,1,0,0,0.285714285714286,0.571428571428571,0.142857142857143,0,0.5,0.5
6655,1,4,1,1,0.19047619047619,0.0454545454545455,1,0,0,0,4,0,0,0,1,1,0,0,0,1,0,0,0,1
6656,4,6,1,0.210526315789474,0.142857142857143,0.0625,4,0,0,0,6,0,0,0,1,1,0,0,0,1,0,0,0,1
6657,0,0,0,0,0,0,0,0,0,0,0,0,0,0,0,,,,,,,,,
6658,1,1,1,0.0625,0.25,0.0666666666666667,1,0,0,0,1,0,0,1,0,1,0,0,0,1,0,0,1,0
6659,1,4,14,0.333333333333333,0.285714285714286,0.259259259259259,1,0,0,0,4,0,0,5,9,1,0,0,0,1,0,0,0.357142857142857,0.642857142857143
6660,1,,4,0.166666666666667,,0.235294117647059,1,0,0,,,,3,0,1,1,0,0,,,,0.75,0,0.25
6661,0,2,1,0,0.117647058823529,0.0714285714285714,0,0,0,0,2,0,0,0,1,,,,0,1,0,0,0,1
6662,44,6,1,0.321167883211679,0.333333333333333,0.125,43,0,1,0,6,0,0,1,0,0.977272727272727,0,0.0227272727272727,0,1,0,0,1,0
6663,7,9,3,0.1,0.257142857142857,0.107142857142857,7,0,0,0,9,0,0,0,3,1,0,0,0,1,0,0,0,1
6664,4,24,1,0.363636363636364,0.263736263736264,0.1,4,0,0,2,5,17,0,0,1,1,0,0,0.0833333333333333,0.208333333333333,0.708333333333333,0,0,1
6665,3,3,3,0.214285714285714,0.214285714285714,0.428571428571429,3,0,0,2,1,0,0,1,2,1,0,0,0.666666666666667,0.333333333333333,0,0,0.333333333333333,0.666666666666667
6666,1,0,0,0.2,0,0,1,0,0,0,0,0,0,0,0,1,0,0,,,,,,
6667,1,11,14,0.0303030303030303,0.150684931506849,0.259259259259259,1,0,0,0,11,0,0,5,9,1,0,0,0,1,0,0,0.357142857142857,0.642857142857143
6668,8,4,2,0.2,0.173913043478261,0.25,8,0,0,0,4,0,0,2,0,1,0,0,0,1,0,0,1,0
6669,5,6,0,0.119047619047619,0.75,0,5,0,0,1,5,0,0,0,0,1,0,0,0.166666666666667,0.833333333333333,0,,,
6670,3,0,6,0.272727272727273,0,0.146341463414634,3,0,0,0,0,0,0,2,4,1,0,0,,,,0,0.333333333333333,0.666666666666667
6671,7,9,,0.636363636363636,0.18,,7,0,0,0,3,6,,,,1,0,0,0,0.333333333333333,0.666666666666667,,,
6672,1,1,1,0.111111111111111,0.125,0.166666666666667,0,1,0,0,1,0,0,0,1,0,1,0,0,1,0,0,0,1
6673,0,2,0,0,0.5,0,0,0,0,1,1,0,0,0,0,,,,0.5,0.5,0,,,
6674,5,1,1,0.555555555555556,0.142857142857143,0.5,2,1,2,0,0,1,0,0,1,0.4,0.2,0.4,0,0,1,0,0,1
6675,2,0,5,0.0625,0,0.5,2,0,0,0,0,0,0,1,4,1,0,0,,,,0,0.2,0.8
6676,20,2,1,0.210526315789474,1,0.142857142857143,20,0,0,0,2,0,0,0,1,1,0,0,0,1,0,0,0,1
6677,7,4,0,0.259259259259259,0.2,0,7,0,0,0,4,0,0,0,0,1,0,0,0,1,0,,,
6678,3,2,1,0.1875,0.25,0.2,3,0,0,0,2,0,0,0,1,1,0,0,0,1,0,0,0,1
6679,28,6,6,0.345679012345679,0.157894736842105,0.193548387096774,26,1,1,0,6,0,0,1,5,0.928571428571429,0.0357142857142857,0.0357142857142857,0,1,0,0,0.166666666666667,0.833333333333333
6680,4,8,0,0.2,0.16,0,4,0,0,0,8,0,0,0,0,1,0,0,0,1,0,,,
6681,0,,0,0,,0,0,0,0,,,,0,0,0,,,,,,,,,
6682,4,24,1,0.363636363636364,0.263736263736264,0.1,4,0,0,2,5,17,0,0,1,1,0,0,0.0833333333333333,0.208333333333333,0.708333333333333,0,0,1
6683,2,3,4,0.666666666666667,0.214285714285714,0.2,2,0,0,0,3,0,1,2,1,1,0,0,0,1,0,0.25,0.5,0.25
6684,3,4,3,0.1875,0.173913043478261,0.176470588235294,3,0,0,0,4,0,2,0,1,1,0,0,0,1,0,0.666666666666667,0,0.333333333333333
6685,0,0,0,0,0,0,0,0,0,0,0,0,0,0,0,,,,,,,,,
6686,9,8,2,0.257142857142857,0.16,0.1,9,0,0,0,8,0,0,0,2,1,0,0,0,1,0,0,0,1
6687,4,6,0,0.363636363636364,0.13953488372093,0,4,0,0,0,6,0,0,0,0,1,0,0,0,1,0,,,
6688,2,0,,0.5,0,,0,1,1,0,0,0,,,,0,0.5,0.5,,,,,,
6689,0,,4,0,,0.2,0,0,0,,,,0,2,2,,,,,,,0,0.5,0.5
6690,3,0,1,0.214285714285714,0,0.2,3,0,0,0,0,0,0,0,1,1,0,0,,,,0,0,1
6691,5,6,0,0.138888888888889,0.230769230769231,0,5,0,0,0,6,0,0,0,0,1,0,0,0,1,0,,,
6692,9,,1,0.105882352941176,,0.2,1,1,7,,,,1,0,0,0.111111111111111,0.111111111111111,0.777777777777778,,,,1,0,0
6693,3,2,2,0.75,0.5,0.4,2,1,0,0,2,0,0,2,0,0.666666666666667,0.333333333333333,0,0,1,0,0,1,0
6694,3,2,0,0.230769230769231,0.181818181818182,0,3,0,0,0,2,0,0,0,0,1,0,0,0,1,0,,,
6695,,4,0,,0.16,0,,,,0,4,0,0,0,0,,,,0,1,0,,,
6696,0,3,1,0,0.214285714285714,0.2,0,0,0,0,3,0,0,0,1,,,,0,1,0,0,0,1
6697,28,3,1,0.345679012345679,0.5,0.0909090909090909,26,1,1,0,3,0,0,0,1,0.928571428571429,0.0357142857142857,0.0357142857142857,0,1,0,0,0,1
6698,7,3,,0.259259259259259,0.0789473684210526,,7,0,0,0,2,1,,,,1,0,0,0,0.666666666666667,0.333333333333333,,,
6699,5,,2,0.217391304347826,,0.285714285714286,5,0,0,,,,0,0,2,1,0,0,,,,0,0,1
6700,7,10,1,0.148936170212766,0.161290322580645,0.0666666666666667,7,0,0,0,10,0,0,0,1,1,0,0,0,1,0,0,0,1
6701,28,0,0,0.345679012345679,0,0,26,1,1,0,0,0,0,0,0,0.928571428571429,0.0357142857142857,0.0357142857142857,,,,,,
6702,2,3,,0.333333333333333,0.115384615384615,,1,1,0,0,3,0,,,,0.5,0.5,0,0,1,0,,,
6703,5,1,0,0.138888888888889,0.0625,0,5,0,0,0,1,0,0,0,0,1,0,0,0,1,0,,,
6704,9,1,,0.375,0.166666666666667,,6,2,1,0,1,0,,,,0.666666666666667,0.222222222222222,0.111111111111111,0,1,0,,,
6705,3,4,2,0.107142857142857,0.111111111111111,0.4,3,0,0,0,4,0,0,2,0,1,0,0,0,1,0,0,1,0
6706,4,1,2,0.222222222222222,0.166666666666667,0.5,3,0,1,0,0,1,0,0,2,0.75,0,0.25,0,0,1,0,0,1
6707,7,3,2,0.142857142857143,0.157894736842105,0.285714285714286,6,0,1,0,3,0,0,1,1,0.857142857142857,0,0.142857142857143,0,1,0,0,0.5,0.5
6708,1,6,4,0.111111111111111,0.666666666666667,0.222222222222222,0,1,0,3,0,3,0,1,3,0,1,0,0.5,0,0.5,0,0.25,0.75
6709,1,3,0,0.142857142857143,0.230769230769231,0,1,0,0,0,3,0,0,0,0,1,0,0,0,1,0,,,
6710,3,0,0,0.272727272727273,0,0,3,0,0,0,0,0,0,0,0,1,0,0,,,,,,
6711,4,6,5,0.19047619047619,0.333333333333333,0.25,4,0,0,0,6,0,0,1,4,1,0,0,0,1,0,0,0.2,0.8
6712,,,2,,,0.222222222222222,,,,,,,0,1,1,,,,,,,0,0.5,0.5
6713,10,2,6,0.4,0.333333333333333,0.2,10,0,0,0,2,0,0,1,5,1,0,0,0,1,0,0,0.166666666666667,0.833333333333333
6714,2,,,0.333333333333333,,,0,2,0,,,,,,,0,1,0,,,,,,
6715,1,8,24,0.25,0.16,0.263736263736264,1,0,0,0,8,0,2,5,17,1,0,0,0,1,0,0.0833333333333333,0.208333333333333,0.708333333333333
6716,0,3,2,0,0.0833333333333333,0.1,0,0,0,0,0,3,0,0,2,,,,0,0,1,0,0,1
6717,7,3,7,0.142857142857143,0.333333333333333,0.291666666666667,6,0,1,0,3,0,0,1,6,0.857142857142857,0,0.142857142857143,0,1,0,0,0.142857142857143,0.857142857142857
6718,0,1,0,0,0.142857142857143,0,0,0,0,0,1,0,0,0,0,,,,0,1,0,,,
6719,,0,,,0,,,,,0,0,0,,,,,,,,,,,,
6720,0,,1,0,,0.333333333333333,0,0,0,,,,0,0,1,,,,,,,0,0,1
6721,11,5,0,0.354838709677419,0.131578947368421,0,11,0,0,0,5,0,0,0,0,1,0,0,0,1,0,,,
6722,7,0,2,0.142857142857143,0,0.2,6,0,1,0,0,0,0,2,0,0.857142857142857,0,0.142857142857143,,,,0,1,0
