orderID,nCoupon1,nCoupon2,nCoupon3
1,15,6,96
2,2,1,1
3,53,54,14
4,22,81,6
5,34,26,10
6,32,9,4
7,19,13,14
8,153,23,24
9,8,10,2
10,81,29,7
11,4,5,2
12,153,1,4
13,18,6,31
14,20,45,12
15,40,18,8
16,46,13,1
17,27,10,14
18,18,15,19
19,18,6,8
20,12,9,11
21,20,3,54
22,27,42,22
23,6,13,3
24,22,18,22
25,63,5,1
26,16,13,3
27,11,24,12
28,7,1,12
29,18,6,6
30,4,3,1
31,52,16,62
32,22,10,3
33,33,56,15
34,36,23,9
35,5,2,4
36,7,1,22
37,7,16,6
38,28,3,9
39,8,7,4
40,39,1,9
41,15,7,5
42,40,29,21
43,2,3,8
44,22,19,2
45,26,96,12
46,3,2,10
47,3,6,6
48,15,2,23
49,19,24,14
50,10,29,5
51,17,81,2
52,8,15,96
53,33,8,22
54,22,17,7
55,33,37,35
56,69,34,44
57,55,10,112
58,32,2,1
59,132,42,38
60,10,3,5
61,3,17,1
62,18,11,33
63,6,5,2
64,23,29,38
65,4,3,69
66,31,25,1
67,27,18,12
68,153,54,3
69,10,2,3
70,77,20,4
71,14,12,9
72,28,11,7
73,4,15,96
74,7,9,2
75,34,54,50
76,14,13,8
77,15,23,25
78,9,13,62
79,8,12,1
80,153,23,17
81,14,15,5
82,8,15,1
83,3,5,1
84,8,4,1
85,39,8,23
86,19,20,3
87,39,21,19
88,5,13,1
89,132,2,6
90,3,1,10
91,5,5,6
92,4,1,8
93,6,2,1
94,11,5,7
95,24,10,63
96,6,4,3
97,17,56,22
98,13,11,6
99,11,29,26
100,33,26,13
101,7,27,21
102,2,54,7
103,69,17,11
104,17,10,10
105,2,55,12
106,44,17,3
107,28,29,35
108,31,63,9
109,31,33,62
110,10,9,8
111,34,17,3
112,93,5,5
113,1,5,5
114,25,27,5
115,34,9,23
116,5,30,5
117,3,13,21
118,23,40,15
119,2,7,1
120,20,30,20
121,53,1,2
122,5,8,1
123,22,10,24
124,52,4,35
125,22,11,14
126,3,4,3
127,1,2,18
128,109,35,16
129,3,16,4
130,2,15,112
131,93,19,20
132,9,10,11
133,77,26,1
134,5,1,3
135,22,1,17
136,12,68,9
137,109,26,13
138,39,4,12
139,9,6,5
140,2,62,9
141,36,5,12
142,3,2,9
143,5,3,2
144,12,3,19
145,12,23,96
146,1,1,6
147,44,2,3
148,6,5,4
149,1,19,13
150,16,10,3
151,9,24,14
152,40,20,2
153,22,63,3
154,4,4,1
155,53,22,8
156,14,3,3
157,5,2,10
158,56,87,35
159,8,9,9
160,5,12,2
161,3,4,32
162,26,15,24
163,15,4,14
164,2,11,6
165,153,54,2
166,14,35,5
167,3,4,10
168,96,4,11
169,1,10,19
170,17,2,3
171,31,12,2
172,153,26,11
173,46,13,44
174,32,54,22
175,14,13,8
176,5,10,8
177,3,17,76
178,1,17,9
179,5,14,12
180,19,8,10
181,4,4,11
182,69,29,62
183,10,22,2
184,11,11,14
185,35,45,11
186,19,5,3
187,19,8,63
188,2,19,20
189,29,16,9
190,10,26,21
191,13,15,8
192,9,26,7
193,153,40,14
194,7,14,9
195,22,29,50
196,7,23,12
197,9,7,4
198,23,7,1
199,6,13,17
200,3,17,11
201,20,45,12
202,32,9,14
203,8,3,1
204,4,6,16
205,1,12,14
206,9,2,18
207,4,1,1
208,22,27,96
209,53,2,5
210,12,45,12
211,53,23,8
212,87,4,1
213,16,27,9
214,14,15,112
215,3,3,26
216,77,36,31
217,17,4,6
218,22,4,1
219,6,7,5
220,25,6,12
221,87,10,13
222,20,10,8
223,11,33,4
224,3,81,26
225,13,7,3
226,53,33,17
227,35,15,4
228,4,2,12
229,6,33,7
230,16,54,17
231,12,6,2
232,39,8,13
233,20,45,13
234,93,3,1
235,2,3,2
236,10,14,16
237,6,5,9
238,15,22,96
239,6,4,5
240,4,18,1
241,40,56,16
242,1,4,14
243,153,45,38
244,12,8,55
245,87,8,30
246,52,27,9
247,27,81,4
248,41,33,22
249,16,10,8
250,6,20,15
251,69,19,3
252,48,36,63
253,132,13,9
254,153,19,5
255,16,23,96
256,37,14,3
257,69,19,6
258,29,10,5
259,2,10,1
260,109,36,5
261,69,3,6
262,4,17,23
263,153,68,12
264,153,56,23
265,17,8,22
266,96,27,54
267,14,9,10
268,109,30,17
269,12,1,6
270,8,2,20
271,39,19,5
272,6,36,1
273,14,26,2
274,6,10,6
275,32,10,14
276,4,5,3
277,7,96,1
278,7,53,1
279,3,22,20
280,19,30,76
281,14,12,9
282,14,8,4
283,153,2,11
284,3,3,13
285,132,41,6
286,33,18,2
287,26,12,29
288,46,21,16
289,3,6,18
290,53,6,12
291,35,5,4
292,132,42,3
293,18,14,8
294,21,11,5
295,2,7,21
296,10,13,26
297,28,4,8
298,22,13,4
299,9,12,1
300,109,27,3
301,13,19,25
302,3,21,8
303,32,4,3
304,24,15,6
305,4,3,4
306,26,6,31
307,32,12,2
308,39,22,8
309,40,19,7
310,14,33,14
311,6,56,4
312,23,12,7
313,10,26,17
314,11,23,5
315,17,40,12
316,14,10,7
317,53,50,12
318,3,11,37
319,29,30,11
320,27,12,4
321,6,23,10
322,7,26,5
323,17,6,9
324,22,2,1
325,5,2,4
326,40,25,1
327,81,12,2
328,15,6,27
329,2,5,2
330,53,22,9
331,32,5,4
332,29,2,14
333,1,1,3
334,10,4,3
335,11,11,3
336,20,6,2
337,9,8,5
338,2,10,76
339,3,2,5
340,132,81,14
341,45,12,3
342,11,13,9
343,17,26,23
344,2,19,18
345,20,6,5
346,6,14,7
347,10,15,6
348,32,96,8
349,132,18,62
350,15,3,4
351,4,36,27
352,3,9,4
353,32,32,8
354,19,22,11
355,9,15,8
356,77,6,20
357,6,6,1
358,3,19,19
359,18,45,11
360,14,1,3
361,6,32,20
362,4,16,1
363,10,2,1
364,29,12,4
365,4,2,14
366,5,29,45
367,1,8,1
368,7,16,4
369,14,8,30
370,25,26,4
371,153,45,3
372,109,19,5
373,4,9,1
374,28,1,2
375,24,22,4
376,22,14,10
377,10,14,22
378,25,53,13
379,3,10,23
380,14,2,19
381,15,8,19
382,2,2,7
383,132,17,6
384,87,22,19
385,6,76,1
386,93,32,8
387,35,27,11
388,26,6,6
389,3,9,1
390,8,27,6
391,4,8,5
392,31,13,27
393,34,24,26
394,29,14,76
395,6,10,6
396,87,18,1
397,6,13,1
398,69,112,62
399,132,11,1
400,13,19,1
401,16,14,14
402,20,22,28
403,93,81,18
404,77,40,48
405,6,4,4
406,12,10,19
407,18,9,13
408,14,7,7
409,48,8,31
410,87,11,20
411,4,19,11
412,39,27,9
413,16,25,29
414,7,8,22
415,13,17,7
416,15,27,48
417,18,8,9
418,24,10,48
419,21,8,12
420,109,14,35
421,18,3,6
422,4,4,1
423,20,81,9
424,5,8,4
425,7,3,1
426,53,81,16
427,18,30,13
428,29,7,14
429,21,3,1
430,5,14,3
431,7,4,1
432,31,19,38
433,19,8,5
434,77,68,76
435,20,1,3
436,14,18,44
437,53,5,17
438,5,1,3
439,53,2,6
440,5,14,3
441,22,7,12
442,7,1,1
443,2,19,5
444,55,9,6
445,6,8,7
446,153,81,3
447,6,76,25
448,153,22,3
449,5,5,12
450,29,6,3
451,11,10,1
452,17,54,22
453,18,1,1
454,5,4,1
455,26,54,76
456,11,3,5
457,17,19,14
458,22,5,18
459,4,56,10
460,4,7,7
461,1,22,10
462,53,37,6
463,4,42,22
464,109,3,2
465,153,29,11
466,22,7,25
467,3,5,4
468,5,22,63
469,22,13,4
470,3,4,1
471,11,7,2
472,87,12,27
473,6,12,112
474,153,81,8
475,6,3,1
476,2,13,5
477,13,11,22
478,17,13,50
479,81,44,12
480,52,37,20
481,5,1,1
482,40,3,3
483,14,7,5
484,20,7,96
485,9,29,4
486,5,2,4
487,22,13,4
488,39,26,63
489,46,15,23
490,4,1,1
491,4,5,2
492,3,7,11
493,6,12,27
494,53,7,3
495,6,19,25
496,3,3,6
497,19,7,2
498,13,4,3
499,31,7,14
500,20,45,12
501,22,25,6
502,14,4,7
503,9,11,6
504,34,6,7
505,33,7,13
506,14,12,2
507,53,50,96
508,109,7,112
509,4,77,32
510,9,24,9
511,29,8,153
512,14,15,21
513,29,11,22
514,41,50,8
515,5,8,14
516,109,26,22
517,10,7,7
518,16,29,11
519,25,41,96
520,6,37,15
521,29,81,11
522,20,50,6
523,2,3,5
524,34,15,22
525,40,18,9
526,55,11,1
527,4,36,2
528,7,1,39
529,13,11,6
530,18,10,16
531,26,3,3
532,29,13,15
533,7,6,2
534,8,13,13
535,6,10,38
536,7,8,38
537,1,36,14
538,93,16,63
539,2,12,9
540,8,4,1
541,153,23,3
542,7,23,12
543,20,4,4
544,40,81,11
545,2,9,4
546,9,10,1
547,17,11,14
548,69,7,4
549,19,15,12
550,10,9,2
551,26,29,2
552,4,10,22
553,13,9,6
554,19,14,12
555,3,1,23
556,53,3,17
557,55,6,8
558,29,112,22
559,5,54,1
560,1,17,1
561,15,11,20
562,3,5,2
563,77,36,31
564,4,2,1
565,15,4,28
566,13,33,8
567,41,32,14
568,11,2,2
569,6,10,3
570,1,1,1
571,17,48,6
572,3,16,4
573,2,6,7
574,7,6,4
575,5,6,23
576,10,18,14
577,2,12,16
578,9,5,10
579,4,5,6
580,69,54,50
581,41,14,6
582,7,2,9
583,10,7,10
584,153,12,45
585,10,6,25
586,16,23,19
587,29,2,1
588,12,6,3
589,1,18,112
590,5,1,2
591,29,7,15
592,31,6,5
593,3,18,3
594,32,12,14
595,6,44,2
596,16,6,1
597,2,38,7
598,27,33,12
599,3,9,3
600,13,11,6
601,6,19,3
602,13,45,1
603,37,15,6
604,14,15,5
605,2,8,20
606,15,14,10
607,4,29,3
608,16,4,1
609,55,37,2
610,7,8,6
611,1,2,12
612,77,27,22
613,3,1,14
614,41,8,36
615,16,8,5
616,39,45,112
617,5,7,7
618,2,13,1
619,18,16,2
620,20,7,112
621,18,8,28
622,39,44,2
623,22,33,112
624,19,13,19
625,5,15,11
626,3,1,1
627,3,22,4
628,17,6,2
629,25,6,6
630,19,11,7
631,20,30,20
632,2,5,3
633,77,40,50
634,18,13,26
635,1,6,2
636,7,19,1
637,10,27,5
638,132,3,3
639,39,81,12
640,12,15,13
641,16,35,4
642,39,81,12
643,8,27,6
644,31,32,63
645,2,44,15
646,14,15,112
647,87,27,15
648,25,8,25
649,25,28,35
650,7,7,18
651,26,15,13
652,9,1,13
653,16,19,22
654,8,6,14
655,69,5,3
656,14,7,38
657,14,35,5
658,19,12,9
659,40,12,14
660,13,15,3
661,6,17,5
662,153,53,20
663,29,15,28
664,5,13,44
665,3,3,29
666,29,26,8
667,11,13,12
668,93,42,35
669,4,9,2
670,2,25,5
671,109,22,4
672,12,40,19
673,5,33,6
674,93,81,24
675,3,45,13
676,41,12,10
677,12,14,6
678,5,4,6
679,3,4,15
680,8,76,5
681,39,62,14
682,81,9,2
683,31,5,16
684,25,45,50
685,24,6,4
686,18,9,2
687,109,7,45
688,10,14,2
689,69,5,12
690,34,24,12
691,132,12,11
692,81,19,15
693,14,68,4
694,11,68,14
695,18,8,7
696,7,6,8
697,29,19,16
698,77,34,3
699,32,8,6
700,153,23,16
701,32,11,2
702,25,4,14
703,1,17,22
704,1,1,1
705,4,7,6
706,69,36,6
707,3,1,1
708,12,3,54
709,52,25,76
710,8,27,13
711,52,50,7
712,5,15,1
713,16,2,4
714,32,3,26
715,35,8,12
716,40,8,12
717,6,1,6
718,69,3,3
719,93,7,7
720,1,4,4
721,93,4,5
722,1,25,3
723,81,2,3
724,14,29,19
725,8,32,4
726,48,7,36
727,77,13,21
728,77,50,6
729,3,4,32
730,6,6,1
731,19,2,23
732,39,54,1
733,23,2,5
734,5,11,13
735,4,8,13
736,53,4,18
737,22,30,10
738,10,8,9
739,32,10,19
740,32,10,3
741,19,19,2
742,22,9,27
743,2,7,4
744,2,8,6
745,55,10,112
746,37,3,35
747,3,9,5
748,2,6,3
749,2,3,8
750,3,12,1
751,7,45,8
752,29,14,76
753,40,81,11
754,2,2,6
755,4,35,9
756,18,12,7
757,20,8,13
758,6,11,22
759,17,6,14
760,31,6,2
761,9,14,16
762,3,4,4
763,17,6,25
764,19,29,14
765,109,10,76
766,20,12,23
767,4,6,2
768,9,16,5
769,2,6,4
770,39,81,12
771,19,11,4
772,19,33,12
773,6,26,4
774,96,7,21
775,20,9,17
776,22,3,14
777,12,1,3
778,153,5,2
779,10,14,22
780,46,15,23
781,13,2,7
782,32,9,4
783,8,10,23
784,5,3,2
785,16,8,1
786,25,9,3
787,11,3,5
788,2,1,15
789,1,1,12
790,109,9,10
791,11,23,5
792,3,1,3
793,96,4,28
794,2,112,3
795,12,12,14
796,2,14,5
797,1,12,5
798,153,8,44
799,48,28,63
800,40,6,15
801,3,13,7
802,16,28,4
803,3,4,6
804,4,6,1
805,22,17,7
806,4,1,2
807,31,30,24
808,7,13,4
809,7,45,4
810,18,24,7
811,4,3,12
812,3,2,5
813,12,42,15
814,18,17,54
815,28,4,4
816,19,10,2
817,109,26,14
818,20,11,4
819,11,34,76
820,52,8,4
821,24,10,63
822,11,13,12
823,11,26,28
824,14,13,5
825,11,7,10
826,53,45,7
827,11,33,7
828,32,41,6
829,12,3,7
830,4,7,18
831,39,19,6
832,2,1,2
833,69,45,96
834,81,1,3
835,8,153,5
836,27,5,6
837,37,6,3
838,37,10,33
839,11,13,18
840,109,37,21
841,2,10,9
842,9,26,7
843,93,4,2
844,5,13,2
845,53,11,8
846,9,1,8
847,16,29,26
848,22,5,12
849,40,17,19
850,20,42,63
851,29,29,112
852,25,7,1
853,34,12,6
854,16,2,2
855,32,6,5
856,4,20,4
857,9,5,1
858,2,8,81
859,14,7,11
860,41,56,2
861,7,2,44
862,15,50,14
863,13,13,1
864,21,6,12
865,2,3,2
866,6,19,31
867,53,42,112
868,3,15,17
869,17,42,4
870,29,81,17
871,14,15,5
872,3,2,4
873,8,12,4
874,9,11,6
875,5,6,3
876,37,10,8
877,17,3,7
878,5,3,8
879,8,17,3
880,20,9,15
881,93,1,4
882,87,7,3
883,2,9,12
884,4,23,13
885,25,15,21
886,5,13,12
887,37,37,7
888,17,2,14
889,39,26,23
890,41,22,13
891,17,7,4
892,17,41,18
893,1,3,3
894,2,2,4
895,8,4,2
896,37,29,26
897,132,14,35
898,5,6,28
899,40,6,9
900,77,9,12
901,25,7,5
902,87,13,2
903,11,7,17
904,3,5,1
905,40,15,14
906,12,13,8
907,10,6,29
908,4,7,5
909,132,16,7
910,17,13,50
911,9,8,5
912,35,12,9
913,7,40,22
914,132,19,18
915,87,3,8
916,20,2,4
917,53,41,8
918,3,29,12
919,23,4,25
920,9,5,10
921,48,5,19
922,16,14,1
923,26,16,10
924,32,26,1
925,35,8,25
926,53,7,21
927,5,8,112
928,39,15,3
929,11,26,2
930,35,15,35
931,53,3,10
932,17,7,63
933,5,8,112
934,39,15,17
935,26,3,9
936,46,2,26
937,37,7,7
938,37,8,6
939,3,3,7
940,26,3,3
941,9,14,36
942,3,54,8
943,29,6,7
944,22,5,2
945,53,8,12
946,132,5,7
947,3,6,7
948,10,2,5
949,19,56,8
950,93,17,10
951,39,3,9
952,10,26,17
953,31,9,22
954,5,3,5
955,41,7,7
956,2,22,2
957,34,1,14
958,32,4,7
959,3,26,48
960,2,9,9
961,87,6,44
962,13,1,2
963,9,2,13
964,1,2,1
965,3,50,19
966,1,1,14
967,81,13,4
968,17,6,14
969,132,42,4
970,7,42,24
971,46,19,11
972,25,2,54
973,3,2,1
974,19,9,5
975,20,40,22
976,4,37,22
977,12,40,6
978,69,9,27
979,1,8,10
980,109,7,45
981,5,18,20
982,33,7,112
983,22,11,3
984,77,50,7
985,34,56,10
986,4,4,1
987,15,27,8
988,13,28,8
989,153,9,4
990,40,7,12
991,5,4,9
992,7,6,8
993,33,26,11
994,39,13,24
995,29,12,22
996,109,17,112
997,19,30,23
998,9,22,3
999,16,7,5
1000,52,50,6
1001,132,19,20
1002,37,81,27
1003,109,8,4
1004,53,27,7
1005,22,27,7
1006,5,9,7
1007,1,13,2
1008,87,26,21
1009,37,54,8
1010,5,23,9
1011,132,15,24
1012,12,68,12
1013,132,22,10
1014,29,23,2
1015,46,36,7
1016,22,76,13
1017,5,5,22
1018,39,4,21
1019,36,9,6
1020,22,17,30
1021,9,54,10
1022,53,7,27
1023,23,23,13
1024,7,4,6
1025,4,18,8
1026,25,13,1
1027,6,4,2
1028,4,5,1
1029,9,81,27
1030,9,13,4
1031,5,25,7
1032,26,12,2
1033,53,23,26
1034,4,1,6
1035,11,22,5
1036,8,9,2
1037,4,1,14
1038,46,26,13
1039,7,6,2
1040,46,27,23
1041,3,5,2
1042,53,54,15
1043,21,53,7
1044,55,8,2
1045,14,112,63
1046,2,12,6
1047,37,76,50
1048,1,36,5
1049,32,4,2
1050,19,27,35
1051,29,9,3
1052,69,18,12
1053,18,15,4
1054,55,24,44
1055,29,4,28
1056,7,4,6
1057,53,50,12
1058,20,12,8
1059,2,14,7
1060,153,9,19
1061,55,45,3
1062,6,11,3
1063,5,13,54
1064,5,3,2
1065,16,10,15
1066,41,6,12
1067,9,5,9
1068,4,56,13
1069,39,33,19
1070,53,50,5
1071,46,22,38
1072,32,7,9
1073,77,4,6
1074,22,13,14
1075,19,14,4
1076,4,4,4
1077,18,3,11
1078,22,14,7
1079,93,7,20
1080,13,19,2
1081,17,12,63
1082,93,7,9
1083,53,12,8
1084,7,8,9
1085,132,13,22
1086,9,23,4
1087,8,4,2
1088,6,32,14
1089,5,50,17
1090,5,2,5
1091,4,42,9
1092,7,7,5
1093,35,13,31
1094,20,5,1
1095,17,13,12
1096,53,54,21
1097,6,1,1
1098,109,5,4
1099,41,27,14
1100,10,19,7
1101,40,9,36
1102,46,81,13
1103,53,27,62
1104,6,2,2
1105,10,53,23
1106,14,2,1
1107,32,3,7
1108,1,4,1
1109,17,18,50
1110,20,9,24
1111,9,5,17
1112,10,36,8
1113,18,21,13
1114,20,8,14
1115,22,14,7
1116,22,8,7
1117,53,2,4
1118,153,23,14
1119,7,20,14
1120,21,2,6
1121,9,76,45
1122,132,2,16
1123,33,11,2
1124,6,54,10
1125,4,5,10
1126,23,21,3
1127,20,22,4
1128,81,1,14
1129,5,2,1
1130,25,4,1
1131,81,12,3
1132,20,3,5
1133,53,22,2
1134,153,23,19
1135,14,6,7
1136,16,23,7
1137,4,8,14
1138,25,5,6
1139,1,2,11
1140,6,3,3
1141,13,68,6
1142,7,6,8
1143,8,2,3
1144,32,13,3
1145,31,20,9
1146,7,1,6
1147,153,8,50
1148,20,8,27
1149,153,17,27
1150,9,34,5
1151,2,13,9
1152,13,21,3
1153,31,56,22
1154,81,5,14
1155,22,14,7
1156,37,32,5
1157,153,11,14
1158,25,5,1
1159,53,22,19
1160,1,35,3
1161,37,10,8
1162,39,41,11
1163,15,14,8
1164,24,6,11
1165,16,7,5
1166,32,24,13
1167,22,12,25
1168,17,42,5
1169,4,3,8
1170,17,56,48
1171,2,56,1
1172,93,5,4
1173,37,9,3
1174,46,53,8
1175,37,45,16
1176,29,8,4
1177,53,17,14
1178,12,10,1
1179,21,8,20
1180,22,4,4
1181,69,17,5
1182,32,1,11
1183,40,4,1
1184,5,12,3
1185,153,9,19
1186,55,3,5
1187,6,12,28
1188,40,41,48
1189,2,33,5
1190,14,1,2
1191,19,37,3
1192,1,11,7
1193,33,11,48
1194,18,45,3
1195,9,81,4
1196,3,2,1
1197,53,28,29
1198,25,22,11
1199,10,1,3
1200,3,5,3
1201,1,1,7
1202,7,20,6
1203,46,2,1
1204,9,2,2
1205,53,14,15
1206,29,14,1
1207,11,1,5
1208,87,37,22
1209,7,6,8
1210,17,19,3
1211,3,1,4
1212,7,2,2
1213,22,3,6
1214,11,15,1
1215,46,45,20
1216,3,11,42
1217,132,23,7
1218,1,3,5
1219,23,42,6
1220,1,5,10
1221,41,26,10
1222,17,22,17
1223,3,13,20
1224,5,6,6
1225,23,13,9
1226,4,10,5
1227,3,5,11
1228,18,3,2
1229,7,45,13
1230,17,8,7
1231,26,36,13
1232,9,17,2
1233,19,23,5
1234,26,3,18
1235,3,33,11
1236,6,44,1
1237,14,19,18
1238,10,12,8
1239,53,41,63
1240,9,32,11
1241,11,50,4
1242,48,4,11
1243,37,12,17
1244,1,9,4
1245,16,10,23
1246,37,37,7
1247,6,1,2
1248,15,27,44
1249,34,19,14
1250,53,25,5
1251,31,6,12
1252,31,5,23
1253,16,3,1
1254,37,13,19
1255,11,12,23
1256,37,6,19
1257,12,48,6
1258,53,23,7
1259,33,16,8
1260,19,45,15
1261,87,9,17
1262,16,1,2
1263,7,17,8
1264,10,6,17
1265,17,27,5
1266,15,4,23
1267,14,9,1
1268,32,10,1
1269,9,14,4
1270,17,34,13
1271,77,25,1
1272,4,7,20
1273,8,15,3
1274,34,27,23
1275,10,50,12
1276,3,1,1
1277,32,4,3
1278,4,8,38
1279,8,34,4
1280,23,4,1
1281,2,1,1
1282,41,22,13
1283,7,17,8
1284,93,32,6
1285,53,41,8
1286,81,68,7
1287,87,11,3
1288,6,33,7
1289,4,10,9
1290,23,5,22
1291,93,23,12
1292,33,11,13
1293,17,63,9
1294,109,4,3
1295,93,20,8
1296,32,68,12
1297,93,18,13
1298,34,1,1
1299,9,11,4
1300,37,37,23
1301,5,26,9
1302,23,13,50
1303,10,42,17
1304,5,1,1
1305,69,29,45
1306,2,10,3
1307,8,8,3
1308,1,1,1
1309,46,23,6
1310,39,40,10
1311,27,112,5
1312,6,3,8
1313,132,7,11
1314,16,9,8
1315,3,2,1
1316,132,41,26
1317,1,7,3
1318,15,10,7
1319,153,17,11
1320,10,19,12
1321,9,10,13
1322,3,63,1
1323,3,19,3
1324,37,6,9
1325,3,9,3
1326,33,42,8
1327,81,4,44
1328,13,23,8
1329,14,8,14
1330,7,17,4
1331,7,7,1
1332,35,11,7
1333,69,19,27
1334,29,3,9
1335,17,18,14
1336,132,41,50
1337,39,3,39
1338,4,23,13
1339,19,19,2
1340,3,13,9
1341,7,14,10
1342,12,19,112
1343,40,68,6
1344,7,41,3
1345,18,8,19
1346,1,2,1
1347,20,8,4
1348,22,6,44
1349,22,41,5
1350,9,12,19
1351,2,2,2
1352,3,3,12
1353,46,68,28
1354,6,20,5
1355,132,23,7
1356,7,6,8
1357,53,7,7
1358,19,33,112
1359,19,42,54
1360,87,9,6
1361,13,7,11
1362,32,3,7
1363,93,5,4
1364,53,5,14
1365,48,45,13
1366,16,7,7
1367,15,15,7
1368,2,22,2
1369,53,15,8
1370,2,10,22
1371,29,3,1
1372,9,20,3
1373,4,2,2
1374,9,41,7
1375,35,4,1
1376,25,13,4
1377,1,1,4
1378,18,13,5
1379,87,30,38
1380,109,5,26
1381,39,27,5
1382,93,7,9
1383,4,5,10
1384,3,14,6
1385,81,6,3
1386,40,18,7
1387,2,15,33
1388,9,1,17
1389,153,5,62
1390,18,33,4
1391,3,14,6
1392,8,17,19
1393,7,4,7
1394,8,20,9
1395,1,4,2
1396,11,3,4
1397,10,53,14
1398,37,8,6
1399,2,24,11
1400,77,54,4
1401,17,2,5
1402,37,6,3
1403,10,15,1
1404,4,2,81
1405,1,8,10
1406,40,11,12
1407,12,33,24
1408,36,42,20
1409,10,18,20
1410,46,33,112
1411,2,5,3
1412,1,6,5
1413,25,29,1
1414,77,26,14
1415,81,5,54
1416,17,4,3
1417,81,5,54
1418,2,2,4
1419,5,17,12
1420,20,1,1
1421,81,5,54
1422,13,5,12
1423,46,18,12
1424,132,6,20
1425,31,68,7
1426,41,19,11
1427,18,27,15
1428,27,11,22
1429,46,5,27
1430,36,5,19
1431,16,41,28
1432,5,37,96
1433,3,2,4
1434,6,6,14
1435,19,8,36
1436,93,42,62
1437,18,32,3
1438,87,11,7
1439,34,8,50
1440,3,5,2
1441,12,1,23
1442,18,27,9
1443,11,7,28
1444,17,15,15
1445,23,44,5
1446,10,6,3
1447,8,14,13
1448,5,4,2
1449,3,8,1
1450,20,16,13
1451,1,5,13
1452,3,15,13
1453,19,7,12
1454,69,2,19
1455,31,40,25
1456,46,13,33
1457,1,35,44
1458,8,17,22
1459,26,38,19
1460,17,19,12
1461,1,7,6
1462,10,4,5
1463,3,24,9
1464,81,12,4
1465,9,14,10
1466,15,23,14
1467,109,45,21
1468,29,68,1
1469,39,6,9
1470,27,35,5
1471,1,7,8
1472,14,20,7
1473,10,12,13
1474,15,2,2
1475,15,23,10
1476,26,4,22
1477,3,20,4
1478,22,27,4
1479,25,53,13
1480,11,1,8
1481,32,14,2
1482,3,2,1
1483,2,15,22
1484,22,19,24
1485,11,42,22
1486,15,19,2
1487,15,81,13
1488,34,42,1
1489,153,8,2
1490,29,50,36
1491,25,20,27
1492,16,7,20
1493,7,16,6
1494,14,23,16
1495,2,6,4
1496,11,54,45
1497,15,32,81
1498,2,2,4
1499,14,41,112
1500,32,3,8
1501,41,7,26
1502,3,4,96
1503,9,22,2
1504,40,19,5
1505,10,56,6
1506,7,15,8
1507,22,27,2
1508,16,14,3
1509,52,4,3
1510,39,33,9
1511,21,10,6
1512,10,1,4
1513,22,1,2
1514,153,6,3
1515,7,18,29
1516,36,16,19
1517,3,5,2
1518,3,5,2
1519,34,37,24
1520,8,42,26
1521,77,19,10
1522,6,2,32
1523,16,9,22
1524,13,26,24
1525,7,2,14
1526,8,8,7
1527,35,22,19
1528,37,15,96
1529,14,8,13
1530,35,4,1
1531,1,6,6
1532,1,1,10
1533,16,15,24
1534,5,21,11
1535,15,68,14
1536,46,10,12
1537,37,23,2
1538,40,40,16
1539,25,27,3
1540,9,112,3
1541,34,2,2
1542,69,16,3
1543,1,17,1
1544,19,56,30
1545,5,8,2
1546,9,15,44
1547,11,5,13
1548,2,4,7
1549,69,3,3
1550,4,17,6
1551,9,13,7
1552,19,6,14
1553,4,5,2
1554,20,14,4
1555,48,12,2
1556,14,3,2
1557,10,12,13
1558,10,5,3
1559,15,11,7
1560,9,18,7
1561,14,28,3
1562,53,24,12
1563,109,23,17
1564,13,22,21
1565,48,56,23
1566,25,7,12
1567,29,9,5
1568,22,15,12
1569,18,17,1
1570,153,25,10
1571,153,17,76
1572,24,14,25
1573,16,36,33
1574,2,27,96
1575,34,20,17
1576,11,2,3
1577,18,5,4
1578,36,63,6
1579,26,54,8
1580,40,7,23
1581,16,24,1
1582,29,3,22
1583,9,19,14
1584,81,5,54
1585,5,16,23
1586,15,3,17
1587,22,33,12
1588,9,6,22
1589,48,26,6
1590,1,1,3
1591,13,1,1
1592,6,27,21
1593,8,1,7
1594,7,4,5
1595,11,18,1
1596,48,112,36
1597,153,36,16
1598,19,8,15
1599,87,23,5
1600,1,8,3
1601,6,3,17
1602,153,20,7
1603,23,22,24
1604,11,35,22
1605,25,13,5
1606,21,6,6
1607,77,4,8
1608,5,1,1
1609,5,5,3
1610,7,15,3
1611,109,35,3
1612,10,9,13
1613,6,54,22
1614,81,5,54
1615,33,22,1
1616,17,11,7
1617,15,19,4
1618,87,33,11
1619,18,29,10
1620,31,24,4
1621,53,8,23
1622,26,54,16
1623,34,36,8
1624,12,28,8
1625,10,28,29
1626,2,4,2
1627,20,17,5
1628,153,8,3
1629,18,24,96
1630,18,13,4
1631,2,22,6
1632,10,23,7
1633,4,3,1
1634,35,4,44
1635,21,54,2
1636,53,17,6
1637,25,12,3
1638,40,14,76
1639,22,2,1
1640,16,19,30
1641,3,3,6
1642,93,81,14
1643,4,27,7
1644,13,19,16
1645,10,24,22
1646,5,45,5
1647,12,11,1
1648,77,9,11
1649,6,1,1
1650,17,4,4
1651,18,1,29
1652,132,35,7
1653,12,21,7
1654,18,20,14
1655,55,42,12
1656,1,2,13
1657,15,40,11
1658,23,15,25
1659,27,13,8
1660,39,2,13
1661,3,4,11
1662,2,22,14
1663,32,20,17
1664,31,3,10
1665,25,3,2
1666,10,5,8
1667,10,7,9
1668,39,18,96
1669,23,12,3
1670,5,11,5
1671,17,15,10
1672,4,8,1
1673,8,2,2
1674,93,21,63
1675,109,15,14
1676,12,32,1
1677,93,23,20
1678,2,21,1
1679,8,10,5
1680,6,17,13
1681,21,1,3
1682,2,21,22
1683,11,76,4
1684,7,1,1
1685,26,54,16
1686,4,8,9
1687,8,4,17
1688,22,13,5
1689,31,7,112
1690,12,7,63
1691,4,5,6
1692,13,17,5
1693,29,6,8
1694,18,35,4
1695,2,4,17
1696,10,12,13
1697,18,2,2
1698,6,19,9
1699,34,42,8
1700,46,25,6
1701,39,18,8
1702,29,29,8
1703,4,36,4
1704,25,3,5
1705,34,5,23
1706,34,5,23
1707,25,26,7
1708,14,6,26
1709,13,5,8
1710,33,15,4
1711,7,27,44
1712,34,2,3
1713,3,16,22
1714,2,2,7
1715,25,23,8
1716,11,27,12
1717,9,22,2
1718,36,33,21
1719,7,8,13
1720,53,13,1
1721,7,8,13
1722,132,10,11
1723,5,3,3
1724,3,4,1
1725,36,26,15
1726,22,8,28
1727,31,19,48
1728,19,29,6
1729,16,40,5
1730,31,21,17
1731,14,11,30
1732,2,24,12
1733,19,42,23
1734,19,81,12
1735,8,23,112
1736,19,15,9
1737,11,53,24
1738,2,4,1
1739,5,45,5
1740,2,13,22
1741,31,40,1
1742,5,56,13
1743,10,2,2
1744,15,19,2
1745,4,7,11
1746,27,4,4
1747,7,9,6
1748,132,36,6
1749,1,5,2
1750,5,40,3
1751,32,20,54
1752,4,1,1
1753,37,13,24
1754,13,23,2
1755,8,2,26
1756,9,10,9
1757,10,18,20
1758,14,23,21
1759,9,23,7
1760,4,30,2
1761,10,2,2
1762,7,18,2
1763,19,35,112
1764,16,19,15
1765,40,26,45
1766,109,8,6
1767,23,26,9
1768,153,56,12
1769,31,40,25
1770,8,4,2
1771,31,68,7
1772,3,13,3
1773,5,68,27
1774,34,4,17
1775,132,4,17
1776,4,42,76
1777,153,24,6
1778,26,42,7
1779,15,3,14
1780,109,112,4
1781,87,11,7
1782,15,11,3
1783,4,4,2
1784,3,6,4
1785,4,7,6
1786,37,26,4
1787,5,40,7
1788,132,15,15
1789,53,22,24
1790,10,7,7
1791,10,29,1
1792,40,54,23
1793,87,20,44
1794,109,45,21
1795,9,15,44
1796,4,9,2
1797,29,26,7
1798,3,27,12
1799,8,26,8
1800,9,68,16
1801,14,35,3
1802,2,13,22
1803,10,14,22
1804,87,8,112
1805,40,35,12
1806,15,23,14
1807,153,68,6
1808,53,7,76
1809,77,4,8
1810,2,1,1
1811,8,23,112
1812,5,21,25
1813,93,29,12
1814,41,14,14
1815,2,68,4
1816,14,8,2
1817,8,81,1
1818,9,81,76
1819,6,12,112
1820,9,36,31
1821,20,5,11
1822,12,25,26
1823,3,40,2
1824,21,53,5
1825,4,2,1
1826,15,34,2
1827,1,29,76
1828,39,13,3
1829,4,18,4
1830,25,8,10
1831,87,33,11
1832,3,2,10
1833,18,6,12
1834,22,13,3
1835,16,9,22
1836,81,3,4
1837,17,8,13
1838,18,32,3
1839,77,42,6
1840,9,14,10
1841,19,9,5
1842,109,7,14
1843,153,7,45
1844,24,68,44
1845,22,18,9
1846,14,25,11
1847,5,36,9
1848,10,10,21
1849,25,53,13
1850,69,45,12
1851,9,12,50
1852,87,42,10
1853,41,20,4
1854,7,2,2
1855,39,45,16
1856,53,23,7
1857,10,27,50
1858,81,8,11
1859,13,7,8
1860,7,56,7
1861,7,6,6
1862,18,35,54
1863,3,1,22
1864,13,2,29
1865,4,1,11
1866,16,19,7
1867,2,10,20
1868,17,27,7
1869,4,11,2
1870,10,40,7
1871,31,21,1
1872,11,7,8
1873,7,27,6
1874,46,17,6
1875,1,13,4
1876,23,26,31
1877,14,6,2
1878,17,12,44
1879,33,13,2
1880,35,11,10
1881,13,21,8
1882,3,8,3
1883,16,6,4
1884,17,13,45
1885,6,14,38
1886,15,53,23
1887,5,5,2
1888,153,28,2
1889,12,33,22
1890,13,14,11
1891,31,24,24
1892,13,4,3
1893,6,6,22
1894,48,32,9
1895,1,1,3
1896,93,14,14
1897,2,33,1
1898,87,23,112
1899,48,23,6
1900,12,9,7
1901,3,13,44
1902,34,9,14
1903,15,12,2
1904,109,21,17
1905,41,35,1
1906,153,7,44
1907,1,2,3
1908,7,8,6
1909,3,12,30
1910,25,8,17
1911,53,7,6
1912,3,6,1
1913,11,26,21
1914,3,3,3
1915,53,3,63
1916,153,22,20
1917,22,3,2
1918,17,12,26
1919,14,9,3
1920,6,5,4
1921,17,27,96
1922,153,23,23
1923,69,12,11
1924,24,41,14
1925,4,1,1
1926,25,23,23
1927,24,19,112
1928,6,96,4
1929,9,7,1
1930,25,14,3
1931,12,3,6
1932,8,7,33
1933,17,11,22
1934,5,9,6
1935,19,15,2
1936,5,5,8
1937,1,15,36
1938,5,19,1
1939,4,22,2
1940,9,7,112
1941,15,27,14
1942,13,9,12
1943,3,4,6
1944,33,22,13
1945,8,29,31
1946,4,10,8
1947,19,15,7
1948,23,2,2
1949,109,15,96
1950,19,7,6
1951,37,4,4
1952,14,26,5
1953,93,7,3
1954,6,8,12
1955,2,14,3
1956,22,10,1
1957,6,8,6
1958,4,1,4
1959,7,23,21
1960,14,56,5
1961,10,54,5
1962,18,2,4
1963,26,19,7
1964,5,6,2
1965,37,14,12
1966,3,6,5
1967,35,16,9
1968,24,14,24
1969,9,9,35
1970,29,2,11
1971,7,6,5
1972,25,4,4
1973,11,8,24
1974,23,40,6
1975,2,9,2
1976,34,11,24
1977,13,2,9
1978,153,15,8
1979,27,53,13
1980,36,14,38
1981,3,4,3
1982,10,33,1
1983,12,40,9
1984,14,4,8
1985,39,23,6
1986,2,27,10
1987,32,6,3
1988,32,50,14
1989,11,15,3
1990,29,3,24
1991,53,19,18
1992,33,15,11
1993,27,2,96
1994,15,24,4
1995,21,2,1
1996,10,7,1
1997,33,7,7
1998,7,14,2
1999,2,14,62
2000,55,9,96
2001,1,33,2
2002,9,15,112
2003,7,96,12
2004,17,9,2
2005,9,1,2
2006,40,37,4
2007,55,13,24
2008,53,11,112
2009,32,19,27
2010,53,19,27
2011,22,6,1
2012,16,11,23
2013,6,7,1
2014,81,29,2
2015,32,14,7
2016,27,8,4
2017,22,5,5
2018,34,41,112
2019,12,12,2
2020,25,40,1
2021,132,33,6
2022,12,8,54
2023,3,1,1
2024,8,6,1
2025,27,1,2
2026,81,2,3
2027,6,16,1
2028,153,13,76
2029,6,44,4
2030,4,5,17
2031,25,33,4
2032,9,2,22
2033,4,7,5
2034,77,11,14
2035,2,13,1
2036,40,37,7
2037,39,7,27
2038,31,24,24
2039,35,22,8
2040,40,23,8
2041,93,22,6
2042,69,12,17
2043,5,96,1
2044,5,13,6
2045,40,27,16
2046,5,11,62
2047,19,12,3
2048,35,81,2
2049,27,4,1
2050,12,3,1
2051,32,41,8
2052,6,7,62
2053,3,1,1
2054,19,17,11
2055,27,2,9
2056,19,10,6
2057,7,6,19
2058,17,11,1
2059,41,13,20
2060,10,6,39
2061,4,27,13
2062,29,21,7
2063,46,76,6
2064,1,11,5
2065,31,19,3
2066,25,4,13
2067,16,11,5
2068,26,44,1
2069,153,45,11
2070,3,18,3
2071,17,15,2
2072,153,45,6
2073,15,5,11
2074,93,12,6
2075,34,7,1
2076,23,40,17
2077,93,23,2
2078,17,26,45
2079,12,54,112
2080,55,81,10
2081,6,11,12
2082,53,7,5
2083,109,6,2
2084,40,4,2
2085,12,53,2
2086,53,17,76
2087,153,19,4
2088,2,53,14
2089,8,5,3
2090,16,42,35
2091,4,3,9
2092,35,8,4
2093,93,27,22
2094,3,32,1
2095,4,2,45
2096,17,11,22
2097,1,17,2
2098,26,45,28
2099,25,7,2
2100,18,40,13
2101,3,3,6
2102,41,15,24
2103,26,19,1
2104,1,29,17
2105,33,11,9
2106,9,23,7
2107,153,25,17
2108,16,23,6
2109,6,12,1
2110,132,27,36
2111,19,33,4
2112,32,17,7
2113,23,12,5
2114,81,25,10
2115,53,29,11
2116,9,45,12
2117,93,2,7
2118,4,40,62
2119,77,4,1
2120,7,9,4
2121,40,11,8
2122,77,41,3
2123,22,76,54
2124,39,18,11
2125,7,7,5
2126,23,45,4
2127,109,9,12
2128,93,4,1
2129,6,29,3
2130,53,11,112
2131,153,1,2
2132,8,11,4
2133,132,8,2
2134,14,6,9
2135,17,3,10
2136,6,24,1
2137,8,21,15
2138,22,12,22
2139,153,12,17
2140,12,2,3
2141,9,3,1
2142,53,19,112
2143,32,16,11
2144,77,25,112
2145,3,23,2
2146,8,14,24
2147,12,7,4
2148,4,17,8
2149,1,26,2
2150,10,7,4
2151,34,12,76
2152,10,22,23
2153,22,16,11
2154,53,2,1
2155,22,13,6
2156,2,1,2
2157,2,5,3
2158,17,7,2
2159,3,29,12
2160,69,3,25
2161,23,17,27
2162,41,6,3
2163,87,19,7
2164,21,3,28
2165,40,50,5
2166,33,26,11
2167,16,8,1
2168,69,24,1
2169,26,21,8
2170,35,18,54
2171,14,4,10
2172,9,17,11
2173,1,6,1
2174,19,1,32
2175,39,6,14
2176,35,54,3
2177,5,23,9
2178,34,33,13
2179,7,6,19
2180,81,14,96
2181,53,40,7
2182,132,5,17
2183,25,17,13
2184,41,45,17
2185,4,1,2
2186,7,9,13
2187,40,10,4
2188,8,7,19
2189,12,3,2
2190,31,24,24
2191,11,26,9
2192,12,1,2
2193,93,24,17
2194,19,13,21
2195,29,12,24
2196,109,25,21
2197,109,7,6
2198,39,13,8
2199,19,5,9
2200,7,8,3
2201,3,5,4
2202,87,42,27
2203,11,1,9
2204,93,42,7
2205,7,9,21
2206,35,8,39
2207,11,22,14
2208,11,7,2
2209,14,41,2
2210,153,26,21
2211,87,23,8
2212,11,42,11
2213,9,4,1
2214,22,33,19
2215,21,8,7
2216,40,22,50
2217,9,45,12
2218,31,3,28
2219,9,42,4
2220,11,5,17
2221,39,6,8
2222,109,6,4
2223,10,1,5
2224,27,3,1
2225,8,9,3
2226,52,23,12
2227,18,2,1
2228,20,6,22
2229,132,15,11
2230,23,6,13
2231,31,5,9
2232,29,13,6
2233,24,19,112
2234,12,11,9
2235,29,7,13
2236,1,1,3
2237,35,15,4
2238,1,6,4
2239,1,4,4
2240,22,10,2
2241,31,21,1
2242,22,3,6
2243,40,3,3
2244,26,23,13
2245,22,10,4
2246,23,17,27
2247,33,11,9
2248,35,7,1
2249,1,22,21
2250,18,1,1
2251,5,1,2
2252,25,45,7
2253,18,25,10
2254,69,8,14
2255,16,4,2
2256,15,9,4
2257,8,8,3
2258,153,45,96
2259,28,24,35
2260,2,23,3
2261,8,10,6
2262,6,3,3
2263,1,3,22
2264,39,27,2
2265,7,1,4
2266,69,45,12
2267,4,35,1
2268,24,7,5
2269,6,3,3
2270,6,16,28
2271,32,1,7
2272,2,7,1
2273,153,26,54
2274,22,54,3
2275,7,21,12
2276,93,112,24
2277,32,29,21
2278,17,7,7
2279,25,7,6
2280,132,6,5
2281,2,9,12
2282,9,3,1
2283,12,1,1
2284,40,26,3
2285,26,4,12
2286,28,16,4
2287,69,2,12
2288,32,15,6
2289,81,10,1
2290,132,10,1
2291,10,5,4
2292,27,18,31
2293,6,42,10
2294,14,35,36
2295,20,3,2
2296,1,17,24
2297,15,42,5
2298,46,21,4
2299,39,4,3
2300,9,22,112
2301,7,6,4
2302,6,10,6
2303,3,9,76
2304,14,22,3
2305,4,7,6
2306,21,2,1
2307,77,26,11
2308,6,13,4
2309,109,8,9
2310,7,27,8
2311,31,24,24
2312,12,45,63
2313,25,10,9
2314,1,9,1
2315,20,6,22
2316,16,6,14
2317,1,8,7
2318,2,6,3
2319,81,15,3
2320,13,5,7
2321,32,10,21
2322,6,4,11
2323,17,11,18
2324,53,42,20
2325,9,62,6
2326,17,2,3
2327,46,11,28
2328,87,53,15
2329,46,3,21
2330,20,24,12
2331,153,2,13
2332,22,36,50
2333,2,2,4
2334,32,5,7
2335,48,12,11
2336,1,9,2
2337,22,7,3
2338,6,13,5
2339,10,10,11
2340,153,19,6
2341,16,2,8
2342,34,9,14
2343,24,7,5
2344,26,22,17
2345,132,7,31
2346,8,9,4
2347,8,17,4
2348,40,41,6
2349,93,23,13
2350,9,14,4
2351,4,4,5
2352,34,9,112
2353,11,3,13
2354,77,76,5
2355,93,26,7
2356,13,2,29
2357,12,15,1
2358,22,15,7
2359,10,50,13
2360,6,5,19
2361,5,7,4
2362,69,35,3
2363,6,15,5
2364,6,2,1
2365,20,34,12
2366,11,27,21
2367,6,8,3
2368,77,8,36
2369,21,19,5
2370,3,3,4
2371,3,45,33
2372,81,2,2
2373,6,7,8
2374,40,26,22
2375,9,45,28
2376,37,7,1
2377,32,14,8
2378,6,45,1
2379,5,9,44
2380,22,10,13
2381,14,2,12
2382,52,45,13
2383,4,8,3
2384,4,27,8
2385,109,27,8
2386,6,28,8
2387,22,41,63
2388,32,18,20
2389,34,50,5
2390,8,18,8
2391,22,14,5
2392,1,1,10
2393,9,3,11
2394,41,6,17
2395,132,15,16
2396,13,17,44
2397,10,54,5
2398,28,2,9
2399,87,14,13
2400,5,2,1
2401,18,37,1
2402,15,8,12
2403,15,16,35
2404,4,37,13
2405,53,19,5
2406,55,8,12
2407,15,8,12
2408,10,21,3
2409,7,2,6
2410,15,19,6
2411,2,1,2
2412,10,33,19
2413,3,10,4
2414,8,4,1
2415,40,50,16
2416,2,11,3
2417,33,7,8
2418,37,14,15
2419,19,41,8
2420,34,14,17
2421,18,10,13
2422,27,24,13
2423,15,6,9
2424,13,5,7
2425,24,53,20
2426,40,36,13
2427,1,2,1
2428,10,2,11
2429,1,3,3
2430,26,15,112
2431,17,40,7
2432,21,15,9
2433,27,1,7
2434,81,2,6
2435,7,19,14
2436,48,41,8
2437,15,15,6
2438,77,1,5
2439,132,23,27
2440,2,2,3
2441,46,17,6
2442,9,18,12
2443,22,33,1
2444,12,15,6
2445,13,11,2
2446,5,45,1
2447,17,6,21
2448,11,62,96
2449,18,8,63
2450,2,7,7
2451,19,12,17
2452,15,42,3
2453,53,5,6
2454,112,9,4
2455,4,4,3
2456,153,19,12
2457,36,6,3
2458,5,1,4
2459,46,20,3
2460,77,6,7
2461,16,3,19
2462,29,40,6
2463,21,5,4
2464,37,1,1
2465,12,96,35
2466,39,37,45
2467,28,8,9
2468,153,6,2
2469,4,4,6
2470,87,11,2
2471,2,23,1
2472,132,37,7
2473,18,13,9
2474,1,81,16
2475,77,10,16
2476,20,32,6
2477,5,11,3
2478,6,1,1
2479,18,20,1
2480,19,23,28
2481,4,13,5
2482,23,24,27
2483,2,6,4
2484,19,40,10
2485,10,4,9
2486,132,33,17
2487,29,13,10
2488,1,23,11
2489,15,19,4
2490,12,36,14
2491,153,54,7
2492,17,13,2
2493,25,10,1
2494,18,56,7
2495,153,45,9
2496,19,42,20
2497,46,7,5
2498,132,4,16
2499,29,10,2
2500,1,23,1
2501,1,12,50
2502,4,7,2
2503,93,42,7
2504,15,45,5
2505,153,15,8
2506,12,13,7
2507,132,15,35
2508,5,30,3
2509,132,42,8
2510,40,23,12
2511,32,42,4
2512,9,4,14
2513,15,19,7
2514,12,29,29
2515,34,5,76
2516,10,15,3
2517,1,6,1
2518,15,11,23
2519,48,7,7
2520,2,8,20
2521,7,54,23
2522,18,5,1
2523,109,14,5
2524,37,13,31
2525,18,8,4
2526,87,10,24
2527,109,41,15
2528,19,12,15
2529,34,56,96
2530,96,4,5
2531,34,9,31
2532,13,14,53
2533,16,37,29
2534,6,6,5
2535,13,3,10
2536,23,21,44
2537,112,4,1
2538,33,15,11
2539,41,23,22
2540,32,6,112
2541,4,6,16
2542,32,3,7
2543,1,1,1
2544,15,3,28
2545,132,8,2
2546,16,18,15
2547,12,16,14
2548,153,13,76
2549,53,5,22
2550,4,2,13
2551,4,2,3
2552,14,5,1
2553,55,13,24
2554,13,23,23
2555,20,33,13
2556,48,6,3
2557,109,25,21
2558,5,7,1
2559,6,13,7
2560,5,32,26
2561,153,26,54
2562,34,25,24
2563,18,7,9
2564,87,45,45
2565,31,24,24
2566,9,19,5
2567,13,13,1
2568,4,23,11
2569,7,42,5
2570,25,27,17
2571,54,2,4
2572,32,2,2
2573,31,2,3
2574,3,1,4
2575,7,6,6
2576,3,1,4
2577,32,13,1
2578,1,17,29
2579,33,17,10
2580,36,9,5
2581,40,8,4
2582,15,10,21
2583,21,6,6
2584,27,63,4
2585,6,3,4
2586,39,14,2
2587,3,26,22
2588,69,6,23
2589,18,23,24
2590,93,12,6
2591,40,21,1
2592,37,6,8
2593,55,12,26
2594,29,13,11
2595,18,3,11
2596,31,21,62
2597,4,6,27
2598,4,6,2
2599,10,9,9
2600,3,13,1
2601,31,11,4
2602,2,3,5
2603,2,41,7
2604,46,29,13
2605,4,6,13
2606,21,15,12
2607,32,8,31
2608,53,7,5
2609,12,53,6
2610,18,40,10
2611,6,27,8
2612,22,42,4
2613,10,4,2
2614,2,5,1
2615,2,2,9
2616,7,12,19
2617,2,28,6
2618,2,2,3
2619,32,50,5
2620,14,21,11
2621,16,40,13
2622,7,44,13
2623,18,15,12
2624,40,6,9
2625,12,7,15
2626,28,6,55
2627,19,37,29
2628,3,22,9
2629,12,2,4
2630,53,11,11
2631,10,24,4
2632,3,2,2
2633,29,10,76
2634,18,8,36
2635,1,6,33
2636,11,9,5
2637,7,53,15
2638,11,26,6
2639,3,2,3
2640,2,3,9
2641,77,7,2
2642,31,12,3
2643,4,21,1
2644,2,2,2
2645,36,3,15
2646,2,25,96
2647,13,8,22
2648,2,7,3
2649,5,7,112
2650,24,8,5
2651,15,10,23
2652,93,5,4
2653,29,33,112
2654,18,17,22
2655,1,14,2
2656,14,9,12
2657,32,8,5
2658,87,37,2
2659,31,7,3
2660,10,4,9
2661,6,6,8
2662,39,15,3
2663,6,8,62
2664,153,14,20
2665,53,8,28
2666,27,2,4
2667,4,17,14
2668,46,12,4
2669,27,27,2
2670,4,3,14
2671,23,56,4
2672,14,26,1
2673,132,12,44
2674,14,7,1
2675,93,8,3
2676,132,13,20
2677,4,10,50
2678,28,12,10
2679,25,19,4
2680,34,41,26
2681,87,9,12
2682,17,5,1
2683,37,11,29
2684,77,19,4
2685,23,2,6
2686,46,17,39
2687,19,2,14
2688,33,26,23
2689,20,13,6
2690,4,5,24
2691,29,17,6
2692,23,40,20
2693,20,19,26
2694,19,8,3
2695,153,56,1
2696,14,2,2
2697,22,81,11
2698,4,1,2
2699,39,12,16
2700,3,13,17
2701,14,54,16
2702,93,4,4
2703,33,8,13
2704,109,14,3
2705,32,6,13
2706,4,23,20
2707,32,1,7
2708,3,25,5
2709,17,56,6
2710,3,1,11
2711,40,26,20
2712,22,11,16
2713,3,1,13
2714,15,22,14
2715,35,16,3
2716,29,19,21
2717,19,6,11
2718,23,21,1
2719,29,1,7
2720,2,1,1
2721,9,6,7
2722,32,8,1
2723,12,9,2
2724,14,11,4
2725,18,7,2
2726,39,56,11
2727,4,12,7
2728,31,50,7
2729,11,45,19
2730,7,12,7
2731,7,1,6
2732,17,11,11
2733,109,17,96
2734,4,4,1
2735,29,14,2
2736,16,7,2
2737,19,26,13
2738,4,22,19
2739,32,3,1
2740,3,3,1
2741,16,40,7
2742,32,4,2
2743,10,1,4
2744,7,35,21
2745,9,1,2
2746,39,63,45
2747,39,37,4
2748,27,1,1
2749,36,11,76
2750,6,26,5
2751,13,8,3
2752,1,13,14
2753,19,10,14
2754,2,25,96
2755,22,41,18
2756,13,5,1
2757,29,11,4
2758,19,6,5
2759,27,13,3
2760,21,16,8
2761,29,6,20
2762,34,9,2
2763,16,8,17
2764,15,18,4
2765,6,4,12
2766,22,2,4
2767,6,2,2
2768,22,7,9
2769,20,4,6
2770,1,3,4
2771,13,23,17
2772,11,54,1
2773,4,19,7
2774,6,6,112
2775,5,1,10
2776,6,3,93
2777,56,1,1
2778,4,8,5
2779,34,11,4
2780,153,26,10
2781,39,11,14
2782,4,13,19
2783,5,1,1
2784,18,2,6
2785,8,7,2
2786,153,10,45
2787,93,34,4
2788,4,5,112
2789,46,9,4
2790,36,14,10
2791,37,4,35
2792,39,19,22
2793,15,10,10
2794,32,11,38
2795,12,14,50
2796,9,54,8
2797,39,26,4
2798,4,14,6
2799,22,50,6
2800,25,15,38
2801,16,12,13
2802,5,4,5
2803,16,12,13
2804,93,112,7
2805,8,7,2
2806,29,4,1
2807,29,18,14
2808,2,5,7
2809,2,12,14
2810,39,11,11
2811,93,16,11
2812,2,29,9
2813,11,9,8
2814,2,29,9
2815,18,18,2
2816,39,4,22
2817,34,15,7
2818,15,40,4
2819,11,14,17
2820,2,2,3
2821,13,1,2
2822,29,15,7
2823,32,24,7
2824,6,2,2
2825,13,24,38
2826,19,23,12
2827,10,12,13
2828,19,11,9
2829,69,27,76
2830,4,1,31
2831,34,7,3
2832,12,4,5
2833,33,44,3
2834,22,7,2
2835,2,14,2
2836,93,22,7
2837,37,40,1
2838,10,1,1
2839,5,7,21
2840,48,25,23
2841,2,3,2
2842,38,25,63
2843,35,42,3
2844,11,14,3
2845,40,5,4
2846,2,2,33
2847,11,5,4
2848,17,1,8
2849,22,56,2
2850,6,12,12
2851,24,23,1
2852,29,19,13
2853,8,7,30
2854,15,7,16
2855,1,3,1
2856,8,28,14
2857,96,27,6
2858,4,10,23
2859,14,3,81
2860,9,2,6
2861,16,6,6
2862,31,3,1
2863,153,45,50
2864,14,6,11
2865,29,7,28
2866,4,9,8
2867,4,15,12
2868,4,3,9
2869,6,4,7
2870,33,81,16
2871,77,12,24
2872,18,21,6
2873,15,14,96
2874,22,2,2
2875,9,8,4
2876,109,23,63
2877,33,7,44
2878,4,5,3
2879,39,63,45
2880,31,15,5
2881,10,2,1
2882,10,17,3
2883,32,23,13
2884,39,3,4
2885,20,3,11
2886,14,11,4
2887,1,14,7
2888,25,2,23
2889,33,23,27
2890,31,8,23
2891,5,14,11
2892,29,9,6
2893,153,30,13
2894,132,41,1
2895,1,50,15
2896,52,3,13
2897,77,22,8
2898,3,2,1
2899,22,23,4
2900,7,10,14
2901,17,1,20
2902,6,22,23
2903,153,7,29
2904,37,14,63
2905,153,81,11
2906,22,1,7
2907,109,22,20
2908,19,6,6
2909,26,4,2
2910,6,17,23
2911,10,23,17
2912,32,53,30
2913,3,10,12
2914,14,25,5
2915,12,2,2
2916,24,26,14
2917,153,25,8
2918,46,62,3
2919,35,2,6
2920,22,11,4
2921,10,2,1
2922,37,10,19
2923,32,11,33
2924,132,2,7
2925,153,27,96
2926,27,17,6
2927,9,13,10
2928,27,30,5
2929,7,19,4
2930,29,8,7
2931,39,14,12
2932,109,26,23
2933,39,8,45
2934,8,2,52
2935,4,4,10
2936,22,10,2
2937,39,33,11
2938,6,45,28
2939,10,4,1
2940,6,15,8
2941,53,5,4
2942,22,4,2
2943,10,22,7
2944,53,10,35
2945,35,12,6
2946,2,19,8
2947,35,22,3
2948,3,3,1
2949,40,24,1
2950,153,7,30
2951,20,19,14
2952,22,27,3
2953,11,32,3
2954,6,2,1
2955,5,15,14
2956,3,3,4
2957,39,13,44
2958,22,18,15
2959,33,7,14
2960,12,12,3
2961,2,23,7
2962,18,6,15
2963,34,8,6
2964,39,63,45
2965,19,10,4
2966,3,13,6
2967,39,22,16
2968,17,1,1
2969,6,6,8
2970,77,53,6
2971,9,19,5
2972,13,23,2
2973,3,44,5
2974,25,37,6
2975,7,10,12
2976,26,6,11
2977,19,34,9
2978,153,13,12
2979,31,12,35
2980,15,7,3
2981,32,11,3
2982,4,5,37
2983,29,36,6
2984,2,30,29
2985,153,12,20
2986,2,7,4
2987,39,1,7
2988,41,10,27
2989,2,2,1
2990,26,12,14
2991,153,14,6
2992,17,8,20
2993,93,81,4
2994,9,8,9
2995,18,11,1
2996,11,45,19
2997,5,10,2
2998,16,26,1
2999,9,22,8
3000,10,23,4
3001,23,19,5
3002,1,16,25
3003,1,9,44
3004,22,42,14
3005,93,15,7
3006,32,19,38
3007,39,12,16
3008,23,6,3
3009,13,16,4
3010,39,33,11
3011,15,23,14
3012,17,19,8
3013,22,48,10
3014,27,13,9
3015,40,27,11
3016,7,20,6
3017,48,3,7
3018,34,13,50
3019,31,14,112
3020,2,1,1
3021,9,33,23
3022,1,3,1
3023,8,2,1
3024,15,3,2
3025,29,15,7
3026,1,1,5
3027,5,28,11
3028,12,4,3
3029,132,12,33
3030,17,53,6
3031,25,8,112
3032,29,13,62
3033,48,1,10
3034,4,81,1
3035,6,13,5
3036,132,40,12
3037,34,2,22
3038,17,16,1
3039,153,21,3
3040,55,29,19
3041,53,15,112
3042,19,54,4
3043,17,21,2
3044,2,6,13
3045,3,24,3
3046,9,12,2
3047,4,1,4
3048,153,11,3
3049,2,41,7
3050,10,22,14
3051,16,24,8
3052,17,2,3
3053,93,33,31
3054,6,17,26
3055,87,9,12
3056,1,1,1
3057,34,8,23
3058,16,9,5
3059,16,9,5
3060,15,3,1
3061,23,12,5
3062,35,34,12
3063,17,7,2
3064,16,8,96
3065,11,62,16
3066,3,2,2
3067,39,12,5
3068,14,54,16
3069,93,6,13
3070,9,13,10
3071,12,32,7
3072,2,23,7
3073,8,6,12
3074,1,14,62
3075,9,1,4
3076,5,9,4
3077,1,19,16
3078,17,8,12
3079,23,6,14
3080,8,26,4
3081,34,36,12
3082,8,1,5
3083,25,7,12
3084,2,9,76
3085,42,7,3
3086,5,53,11
3087,4,1,3
3088,53,5,3
3089,3,13,12
3090,39,15,8
3091,17,7,18
3092,1,1,1
3093,17,7,63
3094,7,4,9
3095,53,8,13
3096,18,45,14
3097,9,3,11
3098,17,19,3
3099,69,26,8
3100,63,9,6
3101,18,19,3
3102,3,2,4
3103,34,18,6
3104,2,3,1
3105,4,4,3
3106,11,33,4
3107,19,53,11
3108,31,15,2
3109,9,16,17
3110,9,14,30
3111,132,17,7
3112,35,40,11
3113,2,21,50
3114,27,8,12
3115,132,54,3
3116,9,17,19
3117,2,13,11
3118,7,1,2
3119,16,9,4
3120,6,8,62
3121,11,10,2
3122,132,12,112
3123,15,3,5
3124,4,13,96
3125,39,7,17
3126,23,112,3
3127,31,26,12
3128,153,27,27
3129,2,3,1
3130,39,19,7
3131,36,54,6
3132,10,14,28
3133,15,9,8
3134,16,1,2
3135,55,19,5
3136,1,3,5
3137,24,19,23
3138,18,15,12
3139,3,3,1
3140,20,12,9
3141,9,13,12
3142,13,24,38
3143,87,81,5
3144,3,9,13
3145,5,7,1
3146,2,81,112
3147,39,3,4
3148,3,26,21
3149,2,45,9
3150,28,3,2
3151,46,4,10
3152,39,56,11
3153,23,32,12
3154,7,21,26
3155,39,7,1
3156,23,4,2
3157,109,1,2
3158,7,6,2
3159,2,8,13
3160,2,4,5
3161,3,11,9
3162,25,42,6
3163,14,14,10
3164,17,4,96
3165,17,19,3
3166,8,17,22
3167,9,24,63
3168,5,96,1
3169,3,40,5
3170,9,26,21
3171,7,4,2
3172,17,27,35
3173,7,13,22
3174,46,29,13
3175,53,6,14
3176,2,29,2
3177,25,11,3
3178,18,12,10
3179,39,63,45
3180,6,48,6
3181,46,10,28
3182,15,1,12
3183,26,26,1
3184,2,50,4
3185,132,56,19
3186,15,10,13
3187,10,15,31
3188,153,12,3
3189,7,5,1
3190,3,36,22
3191,4,37,4
3192,17,7,14
3193,6,7,1
3194,96,3,7
3195,9,23,7
3196,14,1,12
3197,132,27,14
3198,2,4,3
3199,25,7,7
3200,53,40,4
3201,14,5,25
3202,18,25,12
3203,132,30,16
3204,8,2,12
3205,19,23,12
3206,11,12,12
3207,17,3,20
3208,35,4,4
3209,132,14,5
3210,26,6,20
3211,153,26,62
3212,7,9,4
3213,17,3,3
3214,29,12,6
3215,112,25,1
3216,19,14,13
3217,11,37,38
3218,10,28,10
3219,37,13,45
3220,23,13,2
3221,153,17,2
3222,2,50,13
3223,8,7,6
3224,81,6,2
3225,3,2,6
3226,7,2,2
3227,4,6,6
3228,153,22,12
3229,23,5,7
3230,5,6,3
3231,10,36,12
3232,20,26,12
3233,3,3,1
3234,153,36,62
3235,15,1,6
3236,2,7,8
3237,53,3,11
3238,2,11,23
3239,40,22,2
3240,29,3,6
3241,32,14,33
3242,32,11,2
3243,23,2,17
3244,33,35,24
3245,23,16,13
3246,9,10,13
3247,153,45,48
3248,18,21,17
3249,3,29,38
3250,26,45,3
3251,9,68,19
3252,7,4,1
3253,29,26,12
3254,52,12,4
3255,9,7,13
3256,5,3,18
3257,15,5,15
3258,8,6,10
3259,3,19,2
3260,17,8,76
3261,12,44,2
3262,13,13,17
3263,132,36,14
3264,20,8,8
3265,46,41,28
3266,27,68,11
3267,38,11,19
3268,15,15,28
3269,6,15,12
3270,132,26,11
3271,6,7,14
3272,3,5,1
3273,52,27,54
3274,153,14,2
3275,32,41,48
3276,2,9,6
3277,7,8,28
3278,11,4,5
3279,41,26,45
3280,52,13,11
3281,8,3,3
3282,32,19,14
3283,17,15,7
3284,34,18,5
3285,77,10,2
3286,5,41,20
3287,153,8,18
3288,1,7,20
3289,132,18,24
3290,53,29,38
3291,2,29,2
3292,32,22,36
3293,3,40,22
3294,5,41,7
3295,6,19,2
3296,5,40,7
3297,5,14,6
3298,29,13,4
3299,132,19,20
3300,8,22,12
3301,52,4,3
3302,16,8,26
3303,93,8,7
3304,3,2,12
3305,35,10,7
3306,3,50,21
3307,46,25,12
3308,52,31,7
3309,8,3,1
3310,22,5,19
3311,28,5,4
3312,3,18,25
3313,7,3,11
3314,53,15,11
3315,5,26,17
3316,17,14,10
3317,3,12,9
3318,87,19,6
3319,32,38,4
3320,3,7,1
3321,25,7,2
3322,9,5,1
3323,52,29,14
3324,7,4,2
3325,10,4,7
3326,27,53,13
3327,20,68,23
3328,14,3,2
3329,6,36,63
3330,17,7,1
3331,3,19,38
3332,2,28,14
3333,3,1,53
3334,6,1,25
3335,6,29,17
3336,109,16,11
3337,33,27,3
3338,2,5,3
3339,37,36,3
3340,40,3,3
3341,10,8,17
3342,46,3,25
3343,9,7,7
3344,40,54,5
3345,52,4,19
3346,1,6,6
3347,53,3,31
3348,6,19,16
3349,55,40,12
3350,4,13,37
3351,5,2,4
3352,12,8,5
3353,32,7,22
3354,21,13,27
3355,7,2,2
3356,39,20,31
3357,22,16,12
3358,41,42,8
3359,27,3,27
3360,31,41,19
3361,7,10,3
3362,37,13,45
3363,29,27,21
3364,5,6,3
3365,52,13,14
3366,48,112,24
3367,7,23,31
3368,40,11,15
3369,4,7,14
3370,5,19,12
3371,52,4,76
3372,132,6,45
3373,20,16,37
3374,2,7,8
3375,15,7,12
3376,8,27,37
3377,25,26,1
3378,7,3,4
3379,33,7,10
3380,19,6,6
3381,1,2,6
3382,26,2,112
3383,8,4,6
3384,2,5,2
3385,14,25,1
3386,46,45,2
3387,39,8,22
3388,14,2,12
3389,39,6,38
3390,34,2,13
3391,39,1,4
3392,23,1,2
3393,18,18,4
3394,2,30,11
3395,29,3,1
3396,53,26,12
3397,14,4,7
3398,7,12,2
3399,12,7,29
3400,2,1,16
3401,3,2,5
3402,8,16,27
3403,39,11,3
3404,11,1,2
3405,10,13,11
3406,2,25,112
3407,2,14,27
3408,46,22,112
3409,52,53,13
3410,6,22,96
3411,40,8,11
3412,109,10,8
3413,3,4,3
3414,22,11,13
3415,9,15,50
3416,3,17,25
3417,2,2,31
3418,16,22,14
3419,8,3,5
3420,37,4,112
3421,1,14,77
3422,2,5,14
3423,29,12,9
3424,4,9,63
3425,34,38,11
3426,11,81,9
3427,46,26,6
3428,28,2,1
3429,153,22,112
3430,1,3,13
3431,4,3,1
3432,17,42,5
3433,28,4,38
3434,52,36,36
3435,17,27,10
3436,21,15,7
3437,11,28,76
3438,4,25,4
3439,5,3,3
3440,77,14,11
3441,87,33,13
3442,21,26,16
3443,12,15,1
3444,2,50,16
3445,17,68,23
3446,4,15,6
3447,32,6,21
3448,29,15,4
3449,52,27,31
3450,19,41,11
3451,5,15,7
3452,31,45,27
3453,132,7,25
3454,35,2,7
3455,55,15,54
3456,17,2,12
3457,55,15,54
3458,13,77,13
3459,2,12,8
3460,10,6,1
3461,12,18,13
3462,109,7,12
3463,41,22,6
3464,40,11,5
3465,9,29,25
3466,9,2,3
3467,1,4,2
3468,32,14,17
3469,4,1,1
3470,46,68,45
3471,18,15,11
3472,19,6,1
3473,16,23,38
3474,20,14,3
3475,109,32,3
3476,4,17,9
3477,9,12,1
3478,13,6,2
3479,39,10,2
3480,7,18,7
3481,39,10,11
3482,23,10,20
3483,77,22,7
3484,46,17,10
3485,5,24,21
3486,11,14,11
3487,1,1,17
3488,15,4,5
3489,32,14,3
3490,26,1,38
3491,34,56,76
3492,16,41,5
3493,46,42,22
3494,26,37,12
3495,34,40,14
3496,8,56,11
3497,2,1,2
3498,153,41,28
3499,15,6,20
3500,132,20,4
3501,7,13,7
3502,11,10,12
3503,53,22,7
3504,7,19,1
3505,6,33,22
3506,11,1,2
3507,9,2,3
3508,10,26,63
3509,132,2,38
3510,12,7,1
3511,35,12,22
3512,9,24,11
3513,18,13,62
3514,1,2,2
3515,7,4,8
3516,22,26,30
3517,77,7,24
3518,2,14,3
3519,19,12,14
3520,9,32,7
3521,5,33,11
3522,3,4,2
3523,2,6,7
3524,19,45,24
3525,2,3,3
3526,6,7,12
3527,52,6,4
3528,6,4,6
3529,13,81,44
3530,1,2,6
3531,9,14,3
3532,21,27,63
3533,8,34,24
3534,40,10,13
3535,3,13,5
3536,12,10,96
3537,22,23,11
3538,5,4,1
3539,3,1,3
3540,6,42,10
3541,7,13,38
3542,1,4,8
3543,4,28,28
3544,17,17,28
3545,52,54,112
3546,4,3,21
3547,52,15,11
3548,11,1,4
3549,5,22,13
3550,5,2,11
3551,52,24,2
3552,48,112,24
3553,2,3,4
3554,9,1,1
3555,5,5,2
3556,5,56,6
3557,1,2,2
3558,12,21,4
3559,11,1,3
3560,1,17,7
3561,15,8,5
3562,16,4,13
3563,87,22,21
3564,25,38,28
3565,153,68,76
3566,3,17,37
3567,4,4,1
3568,41,19,62
3569,53,53,28
3570,29,1,22
3571,19,27,6
3572,52,26,16
3573,10,28,10
3574,10,13,11
3575,17,54,11
3576,29,42,11
3577,20,23,2
3578,38,11,42
3579,109,26,15
3580,77,26,37
3581,153,14,62
3582,9,17,6
3583,153,10,22
3584,48,15,6
3585,9,10,3
3586,40,8,1
3587,12,11,2
3588,11,14,11
3589,19,81,45
3590,10,4,87
3591,15,19,1
3592,109,5,31
3593,3,7,4
3594,87,41,38
3595,19,2,19
3596,52,19,13
3597,4,6,13
3598,18,38,28
3599,22,11,1
3600,31,96,2
3601,2,2,15
3602,27,23,25
3603,9,40,5
3604,17,25,1
3605,109,40,48
3606,11,81,9
3607,53,15,11
3608,1,9,3
3609,26,3,2
3610,5,26,4
3611,22,15,4
3612,52,27,28
3613,38,12,14
3614,6,81,6
3615,2,5,81
3616,21,17,62
3617,29,8,76
3618,8,13,8
3619,3,1,8
3620,34,14,6
3621,8,17,17
3622,5,2,2
3623,14,4,6
3624,52,6,62
3625,12,5,3
3626,2,2,81
3627,26,33,13
3628,13,42,12
3629,19,3,29
3630,1,8,12
3631,5,33,6
3632,27,4,1
3633,3,13,9
3634,7,68,9
3635,11,42,112
3636,46,41,28
3637,3,19,4
3638,12,13,5
3639,11,3,8
3640,5,8,27
3641,53,15,11
3642,53,15,11
3643,40,45,12
3644,39,17,22
3645,38,7,4
3646,19,12,14
3647,87,17,37
3648,11,3,4
3649,22,10,9
3650,11,11,7
3651,46,26,5
3652,14,24,23
3653,10,22,9
3654,87,12,6
3655,4,6,5
3656,13,6,8
3657,62,1,1
3658,52,19,37
3659,14,8,3
3660,7,11,2
3661,9,38,5
3662,31,27,12
3663,4,2,10
3664,18,11,11
3665,6,5,6
3666,77,23,11
3667,11,7,1
3668,37,10,8
3669,52,37,1
3670,112,44,1
3671,26,11,11
3672,20,5,5
3673,5,22,9
3674,6,40,2
3675,9,7,6
3676,87,7,6
3677,3,3,2
3678,7,4,4
3679,2,15,2
3680,17,36,20
3681,77,19,8
3682,4,1,19
3683,40,16,15
3684,22,10,29
3685,20,42,1
3686,20,36,10
3687,32,13,27
3688,6,11,27
3689,26,45,3
3690,17,3,2
3691,12,11,3
3692,28,16,15
3693,28,26,13
3694,18,42,7
3695,29,7,5
3696,52,37,38
3697,93,7,3
3698,109,5,5
3699,20,8,50
3700,19,11,62
3701,7,17,35
3702,2,2,1
3703,6,9,21
3704,9,10,14
3705,109,81,76
3706,3,8,20
3707,31,3,14
3708,8,25,21
3709,132,40,23
3710,4,18,36
3711,3,45,16
3712,2,6,9
3713,11,3,1
3714,4,62,3
3715,17,2,29
3716,10,14,1
3717,3,45,28
3718,132,16,9
3719,2,2,2
3720,52,11,6
3721,153,12,17
3722,34,10,6
3723,8,12,1
3724,52,4,3
3725,29,33,17
3726,2,5,9
3727,9,29,1
3728,5,56,11
3729,2,2,4
3730,10,4,7
3731,8,3,4
3732,11,35,62
3733,18,68,13
3734,53,2,45
3735,29,5,38
3736,17,5,14
3737,4,33,3
3738,153,3,2
3739,53,3,12
3740,11,42,17
3741,17,10,6
3742,3,18,25
3743,6,26,12
3744,36,10,13
3745,81,1,2
3746,52,24,25
3747,93,8,7
3748,19,81,24
3749,48,112,24
3750,153,29,6
3751,34,21,38
3752,12,12,7
3753,18,15,12
3754,7,3,35
3755,10,5,10
3756,9,16,19
3757,19,27,6
3758,33,5,5
3759,20,16,37
3760,53,27,19
3761,9,9,7
3762,3,1,13
3763,10,17,1
3764,17,68,21
3765,23,6,36
3766,11,4,5
3767,18,13,20
3768,37,13,14
3769,52,37,15
3770,6,26,2
3771,28,3,7
3772,5,41,20
3773,55,15,54
3774,4,1,3
3775,7,10,9
3776,29,26,63
3777,2,40,54
3778,153,19,4
3779,52,8,9
3780,1,1,1
3781,3,13,3
3782,37,68,6
3783,81,6,1
3784,15,6,1
3785,132,26,11
3786,5,19,11
3787,15,23,2
3788,19,54,5
3789,7,26,12
3790,17,45,7
3791,55,6,25
3792,40,3,4
3793,32,19,33
3794,1,1,6
3795,33,18,1
3796,6,24,17
3797,40,19,14
3798,5,40,2
3799,44,13,6
3800,1,4,1
3801,7,26,5
3802,53,4,14
3803,6,7,4
3804,40,24,13
3805,32,4,7
3806,34,18,5
3807,12,7,29
3808,15,3,1
3809,35,6,1
3810,4,10,7
3811,37,16,44
3812,11,10,12
3813,5,40,7
3814,46,41,14
3815,19,6,1
3816,5,6,7
3817,52,24,17
3818,3,24,7
3819,15,41,15
3820,2,12,44
3821,17,4,9
3822,9,22,19
3823,15,13,18
3824,27,36,12
3825,7,24,38
3826,2,8,2
3827,5,56,9
3828,4,9,12
3829,153,26,14
3830,16,4,2
3831,3,1,1
3832,77,23,6
3833,52,6,14
3834,8,15,10
3835,9,2,5
3836,11,6,9
3837,16,14,3
3838,4,45,27
3839,69,18,1
3840,8,29,2
3841,28,6,4
3842,4,3,5
3843,12,25,5
3844,132,11,54
3845,12,13,14
3846,8,25,8
3847,32,16,11
3848,33,12,3
3849,39,34,3
3850,12,7,3
3851,23,3,22
3852,9,5,5
3853,34,14,5
3854,132,1,21
3855,4,9,2
3856,33,11,14
3857,17,8,28
3858,4,53,36
3859,19,13,6
3860,7,4,7
3861,39,37,8
3862,19,1,13
3863,17,17,5
3864,1,1,2
3865,8,25,8
3866,4,15,7
3867,13,15,3
3868,3,4,4
3869,15,14,10
3870,69,17,6
3871,10,37,6
3872,13,1,3
3873,32,42,10
3874,52,40,5
3875,35,9,7
3876,52,8,8
3877,22,1,3
3878,11,10,6
3879,10,19,76
3880,15,4,5
3881,4,10,4
3882,9,42,7
3883,21,4,37
3884,8,1,1
3885,69,35,14
3886,81,1,4
3887,31,4,6
3888,28,4,17
3889,9,14,96
3890,87,5,21
3891,5,19,23
3892,2,12,4
3893,5,33,12
3894,132,17,5
3895,40,32,17
3896,6,22,96
3897,6,5,7
3898,11,4,7
3899,4,44,1
3900,53,10,1
3901,23,5,22
3902,1,2,6
3903,23,29,2
3904,10,81,25
3905,11,1,22
3906,10,13,7
3907,6,9,17
3908,153,41,37
3909,4,2,6
3910,53,28,4
3911,13,12,4
3912,3,15,22
3913,5,11,13
3914,69,7,13
3915,4,1,20
3916,2,8,6
3917,153,34,15
3918,69,42,14
3919,17,9,6
3920,6,12,2
3921,1,4,1
3922,69,5,8
3923,132,22,2
3924,1,5,3
3925,2,4,2
3926,81,13,12
3927,52,8,7
3928,7,13,13
3929,17,13,7
3930,3,9,12
3931,11,7,12
3932,40,26,22
3933,15,13,7
3934,2,48,4
3935,6,4,1
3936,132,13,7
3937,11,15,6
3938,12,7,2
3939,16,14,3
3940,1,1,1
3941,6,13,7
3942,1,1,2
3943,132,7,1
3944,9,3,4
3945,3,2,1
3946,15,11,22
3947,28,15,1
3948,153,17,10
3949,77,26,11
3950,1,13,6
3951,153,12,13
3952,32,9,26
3953,8,2,3
3954,17,37,14
3955,19,23,20
3956,34,11,12
3957,77,42,3
3958,25,14,20
3959,33,3,18
3960,52,14,6
3961,10,13,4
3962,39,15,19
3963,28,42,13
3964,2,13,1
3965,2,2,4
3966,3,5,2
3967,20,10,13
3968,77,25,4
3969,52,12,6
3970,3,2,12
3971,32,6,27
3972,17,29,15
3973,52,3,3
3974,11,4,96
3975,53,35,3
3976,35,15,10
3977,9,6,11
3978,32,53,15
3979,4,3,5
3980,16,5,11
3981,39,29,2
3982,5,8,6
3983,5,14,1
3984,15,42,7
3985,6,9,38
3986,2,5,3
3987,52,10,1
3988,4,13,3
3989,11,37,27
3990,5,19,11
3991,2,17,36
3992,4,19,19
3993,15,19,11
3994,24,14,13
3995,1,15,3
3996,40,10,22
3997,25,15,112
3998,53,5,6
3999,21,11,24
4000,39,6,96
4001,28,6,8
4002,52,36,96
4003,13,50,1
4004,25,5,17
4005,8,36,6
4006,4,3,18
4007,27,13,35
4008,14,15,8
4009,17,8,8
4010,48,112,1
4011,39,19,3
4012,17,15,10
4013,24,28,14
4014,28,12,5
4015,29,8,35
4016,33,2,7
4017,15,30,20
4018,4,12,2
4019,153,41,5
4020,22,35,7
4021,5,15,13
4022,132,37,23
4023,6,93,13
4024,8,5,8
4025,19,8,37
4026,5,53,5
4027,7,3,11
4028,10,41,22
4029,7,6,2
4030,14,10,32
4031,21,37,13
4032,9,1,1
4033,29,11,22
4034,3,5,28
4035,20,16,6
4036,87,26,15
4037,52,7,12
4038,10,2,1
4039,132,41,37
4040,3,8,44
4041,21,81,2
4042,5,7,76
4043,39,40,5
4044,11,50,3
4045,26,10,6
4046,29,53,5
4047,10,1,81
4048,2,11,4
4049,18,19,96
4050,19,42,11
4051,15,6,5
4052,8,48,8
4053,69,45,10
4054,12,37,8
4055,21,27,9
4056,81,5,3
4057,32,7,112
4058,52,4,1
4059,2,7,1
4060,1,12,96
4061,4,8,7
4062,33,10,3
4063,87,19,54
4064,6,19,23
4065,15,50,27
4066,7,14,11
4067,11,1,4
4068,11,7,7
4069,44,2,12
4070,13,3,13
4071,12,5,76
4072,8,1,1
4073,2,1,4
4074,28,36,28
4075,18,14,54
4076,93,41,1
4077,13,6,22
4078,18,14,54
4079,32,13,3
4080,28,3,3
4081,28,42,7
4082,4,10,22
4083,81,14,4
4084,52,8,8
4085,8,5,4
4086,3,81,12
4087,11,27,27
4088,14,9,1
4089,14,8,7
4090,11,35,2
4091,4,27,11
4092,132,15,9
4093,35,11,36
4094,132,13,13
4095,3,8,8
4096,4,15,13
4097,3,3,7
4098,35,48,96
4099,2,1,2
4100,37,11,9
4101,52,12,1
4102,8,6,8
4103,93,27,7
4104,52,13,28
4105,15,36,21
4106,31,6,50
4107,87,68,7
4108,132,35,7
4109,2,42,17
4110,4,3,26
4111,52,42,25
4112,3,11,6
4113,14,4,3
4114,7,11,9
4115,11,37,27
4116,4,6,3
4117,53,50,22
4118,31,22,9
4119,53,14,4
4120,25,7,48
4121,1,1,3
4122,12,37,8
4123,14,12,1
4124,4,1,2
4125,28,3,45
4126,5,16,17
4127,15,68,5
4128,1,9,1
4129,9,9,6
4130,6,29,14
4131,4,37,1
4132,13,1,1
4133,153,7,5
4134,40,19,24
4135,4,28,3
4136,6,54,7
4137,132,2,1
4138,6,6,9
4139,4,7,27
4140,1,1,1
4141,81,17,6
4142,25,40,7
4143,9,19,5
4144,4,12,14
4145,52,1,1
4146,6,3,6
4147,6,13,4
4148,18,16,9
4149,132,42,22
4150,37,45,19
4151,4,41,1
4152,52,6,27
4153,15,2,1
4154,28,8,2
4155,6,1,7
4156,53,54,24
4157,19,19,26
4158,35,22,2
4159,93,6,15
4160,6,48,4
4161,25,6,5
4162,8,28,4
4163,81,5,10
4164,6,28,13
4165,11,16,8
4166,12,1,13
4167,3,1,38
4168,2,4,23
4169,14,8,3
4170,14,37,7
4171,21,27,9
4172,40,3,23
4173,7,4,1
4174,5,29,37
4175,32,4,3
4176,1,2,4
4177,52,36,30
4178,10,1,6
4179,5,33,96
4180,16,37,4
4181,9,37,4
4182,2,1,2
4183,41,12,2
4184,81,50,2
4185,25,81,4
4186,4,6,5
4187,5,25,5
4188,69,12,1
4189,1,2,13
4190,37,53,76
4191,1,9,7
4192,132,26,17
4193,87,54,3
4194,12,3,6
4195,17,11,24
4196,14,10,9
4197,2,12,4
4198,8,38,8
4199,81,8,2
4200,13,17,112
4201,2,4,35
4202,52,68,18
4203,2,41,3
4204,87,14,11
4205,22,42,7
4206,4,15,10
4207,4,15,20
4208,3,48,1
4209,21,37,13
4210,20,81,24
4211,69,10,3
4212,40,8,12
4213,10,2,1
4214,27,26,12
4215,20,23,5
4216,7,8,9
4217,13,4,7
4218,7,39,12
4219,17,8,27
4220,77,8,31
4221,2,22,6
4222,5,2,7
4223,11,37,2
4224,81,1,5
4225,9,4,17
4226,53,30,12
4227,12,15,44
4228,6,19,3
4229,11,37,27
4230,32,37,13
4231,52,26,4
4232,41,8,10
4233,4,6,3
4234,1,2,10
4235,2,19,35
4236,21,4,13
4237,4,16,96
4238,22,3,5
4239,9,2,5
4240,7,2,6
4241,16,4,76
4242,55,32,20
4243,5,37,5
4244,3,6,1
4245,4,16,9
4246,10,14,11
4247,10,2,17
4248,20,14,14
4249,53,14,6
4250,40,2,1
4251,24,15,12
4252,8,5,8
4253,13,4,12
4254,20,11,10
4255,20,14,14
4256,39,13,12
4257,3,9,17
4258,15,3,10
4259,29,8,45
4260,52,7,12
4261,21,37,15
4262,1,28,5
4263,26,2,7
4264,5,19,7
4265,20,14,14
4266,22,5,17
4267,4,3,2
4268,4,2,3
4269,13,10,3
4270,22,8,1
4271,6,6,21
4272,69,36,7
4273,20,14,14
4274,6,2,3
4275,15,3,5
4276,39,16,45
4277,16,13,22
4278,4,24,2
4279,11,36,6
4280,31,50,24
4281,132,7,112
4282,17,9,1
4283,3,3,6
4284,32,16,11
4285,52,41,17
4286,10,6,23
4287,39,45,26
4288,5,56,9
4289,40,37,50
4290,44,11,7
4291,7,20,6
4292,15,7,18
4293,1,81,20
4294,8,29,5
4295,1,8,10
4296,20,14,14
4297,1,4,3
4298,2,8,3
4299,8,29,5
4300,35,7,6
4301,24,6,10
4302,15,10,19
4303,87,42,26
4304,6,96,3
4305,132,9,14
4306,17,22,8
4307,6,96,3
4308,46,16,21
4309,93,10,2
4310,5,21,1
4311,20,14,14
4312,52,5,6
4313,7,14,19
4314,7,4,2
4315,1,2,3
4316,9,9,2
4317,87,81,21
4318,12,3,10
4319,77,28,37
4320,25,7,7
4321,4,68,8
4322,69,40,12
4323,12,26,20
4324,7,19,13
4325,2,3,10
4326,48,7,2
4327,25,2,2
4328,2,2,3
4329,1,5,22
4330,5,4,1
4331,11,30,5
4332,28,11,4
4333,37,17,76
4334,37,17,76
4335,21,16,8
4336,32,14,7
4337,5,12,4
4338,31,22,76
4339,5,12,4
4340,3,1,1
4341,6,12,17
4342,22,8,24
4343,27,8,23
4344,8,19,37
4345,15,10,18
4346,52,5,37
4347,31,17,36
4348,35,15,50
4349,19,4,27
4350,16,17,3
4351,4,7,3
4352,4,19,5
4353,7,5,3
4354,31,48,37
4355,14,40,12
4356,4,5,1
4357,19,22,17
4358,3,15,76
4359,15,6,4
4360,5,25,5
4361,40,4,23
4362,11,45,11
4363,31,14,7
4364,11,6,4
4365,3,3,1
4366,8,42,112
4367,14,1,2
4368,19,21,2
4369,153,10,14
4370,10,23,11
4371,25,35,44
4372,8,29,6
4373,20,14,14
4374,132,53,7
4375,20,14,14
4376,1,7,2
4377,52,15,44
4378,10,2,13
4379,14,13,7
4380,20,14,14
4381,5,2,1
4382,20,14,14
4383,6,13,2
4384,11,19,8
4385,10,2,1
4386,132,8,44
4387,32,33,23
4388,10,10,4
4389,29,6,6
4390,12,4,6
4391,4,7,6
4392,10,12,4
4393,77,9,17
4394,22,35,1
4395,77,30,30
4396,39,37,28
4397,12,24,2
4398,39,54,29
4399,7,3,16
4400,2,19,6
4401,16,23,1
4402,1,36,2
4403,1,3,4
4404,15,14,18
4405,77,4,15
4406,14,24,12
4407,8,13,12
4408,29,8,11
4409,1,6,11
4410,132,22,2
4411,81,13,35
4412,22,33,3
4413,1,4,4
4414,12,54,6
4415,48,53,112
4416,19,81,76
4417,17,30,6
4418,69,42,11
4419,28,23,4
4420,19,22,9
4421,15,8,4
4422,15,30,22
4423,11,11,19
4424,20,14,14
4425,14,8,3
4426,3,55,2
4427,15,12,37
4428,2,26,4
4429,153,12,28
4430,6,12,2
4431,8,6,22
4432,53,6,7
4433,3,6,2
4434,29,38,11
4435,39,23,1
4436,1,5,2
4437,28,42,13
4438,39,15,19
4439,15,9,22
4440,40,9,7
4441,40,5,2
4442,28,40,9
4443,21,19,12
4444,28,7,112
4445,7,2,1
4446,18,2,10
4447,39,9,6
4448,28,26,5
4449,14,4,2
4450,5,9,10
4451,11,1,4
4452,14,4,2
4453,2,6,11
4454,23,12,2
4455,6,27,8
4456,32,54,3
4457,28,9,5
4458,21,7,11
4459,5,1,1
4460,33,3,9
4461,26,6,6
4462,19,26,76
4463,19,6,17
4464,9,7,9
4465,2,6,27
4466,17,8,11
4467,8,26,10
4468,7,13,13
4469,3,8,2
4470,16,24,23
4471,26,10,6
4472,21,4,3
4473,40,6,3
4474,53,7,14
4475,2,8,2
4476,29,6,15
4477,93,2,7
4478,1,7,1
4479,14,16,22
4480,9,19,22
4481,2,13,7
4482,8,15,12
4483,32,9,4
4484,19,8,38
4485,19,23,20
4486,4,20,5
4487,14,4,3
4488,31,6,9
4489,3,14,1
4490,77,23,6
4491,4,8,1
4492,6,22,15
4493,7,35,4
4494,15,42,7
4495,18,15,76
4496,87,56,12
4497,24,5,12
4498,87,56,12
4499,11,37,27
4500,87,56,12
4501,2,2,1
4502,31,13,7
4503,16,15,1
4504,7,18,12
4505,48,41,13
4506,4,32,2
4507,33,11,14
4508,4,34,12
4509,18,15,12
4510,46,16,21
4511,55,36,18
4512,7,4,2
4513,23,12,13
4514,23,7,4
4515,17,13,15
4516,8,68,6
4517,87,16,6
4518,93,10,48
4519,2,27,9
4520,153,22,27
4521,22,7,7
4522,132,4,21
4523,19,37,4
4524,24,37,2
4525,26,4,1
4526,20,28,18
4527,3,4,31
4528,14,38,4
4529,39,42,96
4530,12,35,96
4531,4,37,13
4532,13,20,50
4533,25,1,1
4534,11,37,45
4535,17,1,1
4536,10,10,37
4537,9,6,9
4538,81,11,15
4539,29,8,35
4540,11,6,1
4541,17,9,6
4542,24,24,13
4543,8,22,39
4544,29,12,6
4545,8,37,28
4546,10,1,9
4547,6,15,1
4548,41,45,23
4549,4,2,81
4550,28,12,7
4551,9,18,4
4552,3,8,22
4553,46,53,22
4554,5,2,4
4555,9,16,13
4556,32,81,12
4557,9,16,13
4558,52,26,7
4559,14,4,19
4560,16,5,3
4561,2,44,7
4562,16,45,7
4563,81,25,3
4564,5,11,3
4565,11,42,63
4566,1,6,29
4567,9,32,2
4568,11,6,4
4569,81,10,5
4570,32,11,21
4571,1,22,37
4572,20,5,9
4573,13,22,81
4574,6,4,2
4575,12,2,13
4576,46,26,23
4577,1,9,1
4578,11,26,13
4579,37,10,44
4580,16,3,12
4581,52,36,7
4582,31,12,5
4583,12,10,12
4584,8,4,7
4585,17,5,2
4586,4,4,1
4587,3,96,8
4588,16,6,6
4589,15,36,20
4590,31,10,96
4591,2,1,1
4592,33,81,19
4593,22,5,2
4594,19,11,10
4595,24,81,9
4596,22,12,2
4597,4,26,112
4598,14,5,7
4599,109,17,16
4600,2,7,5
4601,3,68,10
4602,6,7,7
4603,35,13,35
4604,4,40,7
4605,17,17,14
4606,2,7,5
4607,55,26,19
4608,77,81,5
4609,22,24,3
4610,19,19,6
4611,87,9,3
4612,109,17,1
4613,55,26,19
4614,29,13,63
4615,17,45,7
4616,1,1,2
4617,7,7,4
4618,27,13,3
4619,19,50,7
4620,1,1,1
4621,26,38,9
4622,3,2,6
4623,109,7,63
4624,52,22,13
4625,22,7,2
4626,11,8,18
4627,3,4,31
4628,16,3,9
4629,39,3,62
4630,2,14,1
4631,20,9,6
4632,7,2,1
4633,153,5,16
4634,10,9,7
4635,12,3,25
4636,4,7,2
4637,6,35,3
4638,11,14,3
4639,6,17,8
4640,2,2,3
4641,32,5,1
4642,46,68,16
4643,17,10,3
4644,2,2,2
4645,22,3,4
4646,25,9,7
4647,6,6,54
4648,48,35,20
4649,2,2,1
4650,1,45,1
4651,17,11,28
4652,81,14,6
4653,4,42,6
4654,2,13,32
4655,4,2,5
4656,3,34,23
4657,77,7,16
4658,109,3,7
4659,18,24,48
4660,3,7,5
4661,32,24,15
4662,23,4,1
4663,32,4,1
4664,5,2,2
4665,19,7,1
4666,23,4,2
4667,10,29,18
4668,109,15,5
4669,3,5,4
4670,22,25,6
4671,12,12,10
4672,15,1,13
4673,39,6,1
4674,28,17,2
4675,93,6,44
4676,22,56,22
4677,87,7,7
4678,6,10,21
4679,4,6,7
4680,5,13,4
4681,16,18,6
4682,5,29,12
4683,6,16,4
4684,16,21,18
4685,6,9,2
4686,5,56,27
4687,29,8,5
4688,1,9,4
4689,12,36,22
4690,5,4,27
4691,36,19,42
4692,132,7,9
4693,17,6,14
4694,53,15,11
4695,8,7,76
4696,14,1,1
4697,11,41,13
4698,40,9,48
4699,48,6,33
4700,2,3,28
4701,5,4,5
4702,13,8,20
4703,27,96,10
4704,52,35,6
4705,6,12,8
4706,14,41,27
4707,18,26,1
4708,4,2,3
4709,35,8,25
4710,4,68,2
4711,132,53,6
4712,39,28,38
4713,81,6,5
4714,28,8,63
4715,18,22,25
4716,6,2,12
4717,9,68,2
4718,9,1,4
4719,2,3,3
4720,153,50,28
4721,132,24,62
4722,6,13,2
4723,2,6,4
4724,15,76,4
4725,48,16,2
4726,46,63,54
4727,17,5,11
4728,19,112,2
4729,40,14,14
4730,46,26,11
4731,39,8,1
4732,17,27,25
4733,96,17,4
4734,3,4,2
4735,11,2,2
4736,5,1,1
4737,14,24,44
4738,31,68,11
4739,8,8,1
4740,4,4,22
4741,1,11,4
4742,16,45,7
4743,3,16,17
4744,87,4,16
4745,109,21,17
4746,8,3,2
4747,13,23,1
4748,5,24,13
4749,17,2,5
4750,3,5,12
4751,109,27,7
4752,52,4,6
4753,2,5,2
4754,14,7,6
4755,37,10,44
4756,10,16,2
4757,31,19,7
4758,39,25,48
4759,22,30,96
4760,2,12,36
4761,5,2,4
4762,22,7,11
4763,22,7,11
4764,132,24,7
4765,16,54,62
4766,16,3,4
4767,53,28,23
4768,21,18,13
4769,29,2,9
4770,19,11,7
4771,10,22,28
4772,3,4,7
4773,19,7,4
4774,132,21,15
4775,7,12,6
4776,5,7,3
4777,46,34,25
4778,16,15,4
4779,4,18,4
4780,24,42,11
4781,3,8,12
4782,33,17,10
4783,93,23,3
4784,41,15,23
4785,55,44,1
4786,14,12,7
4787,109,11,35
4788,6,6,3
4789,4,4,7
4790,28,25,13
4791,5,9,3
4792,7,5,12
4793,37,7,5
4794,7,10,6
4795,12,9,4
4796,9,15,6
4797,39,6,14
4798,132,68,21
4799,19,11,5
4800,35,40,2
4801,77,9,11
4802,17,4,1
4803,5,8,10
4804,35,8,27
4805,1,4,3
4806,17,15,13
4807,39,26,12
4808,46,42,13
4809,3,14,33
4810,14,17,5
4811,35,30,17
4812,17,33,21
4813,12,7,1
4814,4,9,1
4815,26,42,22
4816,23,29,8
4817,40,8,5
4818,29,17,5
4819,39,36,3
4820,6,2,7
4821,12,1,10
4822,9,2,9
4823,40,9,2
4824,4,10,5
4825,4,10,12
4826,31,26,36
4827,5,17,21
4828,14,18,5
4829,4,8,13
4830,8,15,3
4831,17,8,9
4832,4,9,1
4833,15,5,6
4834,4,4,4
4835,5,14,18
4836,39,81,9
4837,40,50,24
4838,1,6,6
4839,8,6,2
4840,26,40,8
4841,87,8,11
4842,37,32,12
4843,2,3,2
4844,26,8,6
4845,6,36,62
4846,9,18,44
4847,52,7,12
4848,14,18,22
4849,2,19,28
4850,3,3,2
4851,4,3,23
4852,32,10,11
4853,14,4,37
4854,4,6,28
4855,39,10,7
4856,37,13,96
4857,18,2,7
4858,93,26,10
4859,8,8,8
4860,3,34,2
4861,52,12,3
4862,2,12,32
4863,29,22,19
4864,10,1,6
4865,14,10,21
4866,15,3,2
4867,11,2,7
4868,1,3,1
4869,19,2,4
4870,18,14,13
4871,18,42,7
4872,7,42,8
4873,2,26,44
4874,7,26,19
4875,39,16,6
4876,8,1,6
4877,10,12,13
4878,8,7,24
4879,16,10,3
4880,33,13,5
4881,3,13,28
4882,14,4,26
4883,23,13,1
4884,7,16,7
4885,52,35,23
4886,109,20,5
4887,3,4,7
4888,26,7,4
4889,1,8,1
4890,5,14,35
4891,153,36,7
4892,10,4,3
4893,2,9,2
4894,6,11,5
4895,19,42,14
4896,17,5,2
4897,109,42,13
4898,4,8,3
4899,29,68,1
4900,48,5,13
4901,48,23,13
4902,8,54,14
4903,39,8,27
4904,3,34,2
4905,26,37,27
4906,87,15,6
4907,109,6,17
4908,8,2,1
4909,53,81,42
4910,23,12,10
4911,19,45,23
4912,32,20,17
4913,23,26,13
4914,3,27,10
4915,2,12,32
4916,16,6,7
4917,6,54,11
4918,20,13,21
4919,39,20,11
4920,153,9,1
4921,16,26,17
4922,26,81,28
4923,34,10,8
4924,12,7,13
4925,5,39,28
4926,37,10,44
4927,46,28,4
4928,6,81,14
4929,2,8,6
4930,21,12,6
4931,44,1,10
4932,15,16,35
4933,2,6,4
4934,1,33,3
4935,19,45,23
4936,16,1,1
4937,132,7,6
4938,5,26,7
4939,2,5,11
4940,9,8,11
4941,93,7,13
4942,37,62,1
4943,8,27,27
4944,46,5,5
4945,15,81,11
4946,29,16,10
4947,40,81,27
4948,9,68,76
4949,1,4,1
4950,109,19,37
4951,3,3,1
4952,22,7,29
4953,4,8,5
4954,9,20,13
4955,33,5,1
4956,4,32,10
4957,7,29,35
4958,22,34,3
4959,31,20,13
4960,4,25,96
4961,39,12,13
4962,40,81,3
4963,3,1,2
4964,2,14,18
4965,53,45,24
4966,29,37,12
4967,12,9,4
4968,109,35,21
4969,52,8,3
4970,7,11,8
4971,4,3,5
4972,52,7,18
4973,55,19,5
4974,33,42,24
4975,40,54,28
4976,17,4,54
4977,8,5,33
4978,18,16,50
4979,5,7,13
4980,109,19,5
4981,18,7,62
4982,35,8,5
4983,29,42,18
4984,53,56,5
4985,18,4,3
4986,40,54,24
4987,19,18,6
4988,23,15,63
4989,39,68,20
4990,10,53,40
4991,39,1,6
4992,22,1,22
4993,29,153,27
4994,4,6,8
4995,17,9,17
4996,109,7,13
4997,5,33,4
4998,2,11,1
4999,37,32,50
5000,20,21,7
5001,40,30,10
5002,87,3,11
5003,1,5,22
5004,9,15,3
5005,1,2,4
5006,19,29,15
5007,12,19,5
5008,9,1,1
5009,19,16,12
5010,29,22,24
5011,22,29,1
5012,5,36,24
5013,29,19,9
5014,15,36,23
5015,14,42,5
5016,53,41,48
5017,16,1,7
5018,3,1,4
5019,25,12,9
5020,1,10,6
5021,87,12,4
5022,25,12,14
5023,21,2,1
5024,25,5,1
5025,7,28,18
5026,8,8,63
5027,2,68,3
5028,40,8,13
5029,17,14,45
5030,15,28,7
5031,6,10,6
5032,6,2,7
5033,2,1,1
5034,25,29,8
5035,22,9,6
5036,3,4,1
5037,6,1,4
5038,2,14,7
5039,17,8,10
5040,3,17,29
5041,2,5,3
5042,11,10,3
5043,3,3,2
5044,39,2,4
5045,39,5,19
5046,2,32,12
5047,8,4,28
5048,6,13,4
5049,52,22,13
5050,40,54,14
5051,52,12,16
5052,12,1,4
5053,32,9,1
5054,153,4,12
5055,4,15,38
5056,17,26,15
5057,17,13,3
5058,32,5,3
5059,6,9,54
5060,12,7,4
5061,6,9,54
5062,6,15,11
5063,29,8,23
5064,1,12,38
5065,10,26,7
5066,6,8,8
5067,39,5,19
5068,153,5,20
5069,18,24,48
5070,22,9,10
5071,5,68,15
5072,4,2,3
5073,40,12,2
5074,18,27,22
5075,39,13,13
5076,17,4,10
5077,52,19,12
5078,22,19,7
5079,17,54,2
5080,3,11,12
5081,19,11,16
5082,22,15,19
5083,15,21,9
5084,6,10,1
5085,16,3,2
5086,87,19,1
5087,81,16,15
5088,10,8,16
5089,27,7,11
5090,4,25,15
5091,9,14,21
5092,2,3,1
5093,4,9,96
5094,39,12,1
5095,4,2,1
5096,41,68,3
5097,19,17,37
5098,17,4,10
5099,25,27,7
5100,3,3,4
5101,19,11,17
5102,14,19,1
5103,37,21,10
5104,38,11,2
5105,6,4,17
5106,10,2,3
5107,24,14,7
5108,9,6,5
5109,17,22,1
5110,4,5,2
5111,5,41,8
5112,132,5,9
5113,2,25,13
5114,17,9,7
5115,1,1,1
5116,81,27,20
5117,52,26,7
5118,27,13,26
5119,87,13,5
5120,1,26,6
5121,53,11,22
5122,46,81,4
5123,52,42,11
5124,52,28,14
5125,13,9,1
5126,3,4,4
5127,87,5,35
5128,18,17,6
5129,3,2,8
5130,5,14,2
5131,2,2,1
5132,46,15,4
5133,14,18,25
5134,2,3,3
5135,4,7,1
5136,10,5,1
5137,46,12,20
5138,55,5,24
5139,53,23,112
5140,53,27,14
5141,109,26,15
5142,1,1,1
5143,55,3,8
5144,93,56,9
5145,2,8,15
5146,93,13,21
5147,24,15,4
5148,5,29,27
5149,4,10,12
5150,93,4,13
5151,4,8,1
5152,5,25,3
5153,17,2,2
5154,18,4,8
5155,2,23,5
5156,10,8,4
5157,39,41,63
5158,30,6,17
5159,5,8,9
5160,6,7,32
5161,1,2,13
5162,3,3,7
5163,109,6,11
5164,23,48,2
5165,1,81,76
5166,26,112,63
5167,19,3,1
5168,3,13,17
5169,2,29,36
5170,7,1,4
5171,52,7,18
5172,1,25,4
5173,132,68,35
5174,132,13,24
5175,52,76,27
5176,4,8,25
5177,18,10,12
5178,39,4,20
5179,7,68,5
5180,22,8,38
5181,15,5,5
5182,132,10,6
5183,1,42,24
5184,28,10,13
5185,11,10,4
5186,29,13,21
5187,52,9,22
5188,48,14,9
5189,7,40,13
5190,14,27,38
5191,17,6,8
5192,35,8,1
5193,9,1,13
5194,8,68,14
5195,33,42,28
5196,40,10,17
5197,6,50,2
5198,3,8,1
5199,3,17,6
5200,10,5,3
5201,9,14,8
5202,32,41,36
5203,20,15,23
5204,24,3,54
5205,53,45,27
5206,38,37,1
5207,35,16,1
5208,52,19,10
5209,6,3,5
5210,81,19,23
5211,1,2,2
5212,41,24,27
5213,16,50,11
5214,153,7,3
5215,3,3,1
5216,9,3,13
5217,3,42,11
5218,20,68,2
5219,32,11,1
5220,7,4,2
5221,1,18,4
5222,5,5,4
5223,4,7,2
5224,15,68,2
5225,48,9,22
5226,22,41,13
5227,11,14,2
5228,7,2,2
5229,17,11,1
5230,46,10,7
5231,2,5,2
5232,3,6,2
5233,4,4,36
5234,10,6,2
5235,2,30,16
5236,25,5,6
5237,18,26,6
5238,13,4,8
5239,5,4,2
5240,24,81,9
5241,4,10,12
5242,5,4,2
5243,2,3,9
5244,25,68,7
5245,3,18,3
5246,14,14,4
5247,4,8,2
5248,8,45,1
5249,10,63,62
5250,5,13,7
5251,19,10,2
5252,40,19,13
5253,52,6,8
5254,38,14,10
5255,4,7,15
5256,3,4,3
5257,3,4,1
5258,40,56,20
5259,16,68,7
5260,7,7,9
5261,52,12,9
5262,40,22,48
5263,53,41,5
5264,6,4,3
5265,3,1,17
5266,3,3,3
5267,52,42,5
5268,17,42,16
5269,22,11,15
5270,3,13,7
5271,8,12,7
5272,20,5,9
5273,11,42,14
5274,9,9,2
5275,55,14,3
5276,8,6,9
5277,5,11,22
5278,9,9,5
5279,33,13,4
5280,16,7,10
5281,6,4,2
5282,3,2,9
5283,17,45,6
5284,24,68,24
5285,32,7,29
5286,34,7,8
5287,109,1,7
5288,35,13,35
5289,53,19,25
5290,153,56,9
5291,1,4,1
5292,3,9,5
5293,10,7,5
5294,2,7,7
5295,19,9,22
5296,35,25,3
5297,77,29,13
5298,4,76,4
5299,2,17,35
5300,1,7,11
5301,8,8,4
5302,39,5,2
5303,3,9,7
5304,52,25,1
5305,22,12,5
5306,6,9,13
5307,2,27,7
5308,2,24,15
5309,20,5,4
5310,1,15,3
5311,1,6,1
5312,4,7,14
5313,9,27,1
5314,31,87,19
5315,9,36,5
5316,4,8,54
5317,11,24,3
5318,25,10,11
5319,39,41,27
5320,2,3,2
5321,40,40,50
5322,27,17,7
5323,7,28,8
5324,55,33,30
5325,109,3,7
5326,24,28,3
5327,2,8,4
5328,18,19,12
5329,31,44,9
5330,109,17,16
5331,4,1,3
5332,11,13,1
5333,11,2,17
5334,11,2,14
5335,4,68,15
5336,20,81,13
5337,7,12,33
5338,17,4,10
5339,109,26,7
5340,3,50,23
5341,19,81,22
5342,19,2,1
5343,2,36,1
5344,109,28,3
5345,1,4,6
5346,9,2,2
5347,7,25,36
5348,19,42,13
5349,32,42,48
5350,3,56,12
5351,4,40,1
5352,53,32,1
5353,53,26,19
5354,52,17,7
5355,46,42,15
5356,24,81,9
5357,3,112,9
5358,2,11,35
5359,40,44,5
5360,15,3,2
5361,4,4,3
5362,23,42,10
5363,6,10,14
5364,132,12,10
5365,4,1,23
5366,13,16,81
5367,23,48,24
5368,39,5,2
5369,5,18,11
5370,6,5,3
5371,14,17,5
5372,14,8,76
5373,6,42,9
5374,23,2,3
5375,153,7,3
5376,3,7,21
5377,4,6,4
5378,12,1,1
5379,55,9,4
5380,4,41,1
5381,10,13,2
5382,1,36,3
5383,4,8,4
5384,9,14,21
5385,55,3,2
5386,35,44,10
5387,132,36,10
5388,12,3,25
5389,22,13,12
5390,48,5,13
5391,3,6,3
5392,55,26,19
5393,3,36,24
5394,11,5,23
5395,1,2,7
5396,55,26,19
5397,132,9,14
5398,1,4,30
5399,32,4,3
5400,81,25,2
5401,39,36,3
5402,10,8,4
5403,10,8,4
5404,10,8,4
5405,2,4,3
5406,1,34,7
5407,1,6,2
5408,29,14,10
5409,33,13,5
5410,53,40,7
5411,6,9,5
5412,2,27,13
5413,3,1,1
5414,20,5,18
5415,2,14,3
5416,16,5,9
5417,77,40,11
5418,17,81,38
5419,10,4,16
5420,52,45,19
5421,17,42,2
5422,6,2,5
5423,28,1,6
5424,1,26,20
5425,40,9,76
5426,81,12,7
5427,23,4,3
5428,4,5,12
5429,109,19,5
5430,17,19,5
5431,29,40,4
5432,11,5,2
5433,1,15,6
5434,18,81,12
5435,17,4,38
5436,4,6,13
5437,53,27,11
5438,10,2,4
5439,2,7,4
5440,132,7,9
5441,16,14,10
5442,53,15,11
5443,37,21,10
5444,53,13,9
5445,4,37,16
5446,14,25,24
5447,46,63,54
5448,22,34,3
5449,10,1,7
5450,1,7,35
5451,18,16,7
5452,8,7,10
5453,40,26,8
5454,53,35,5
5455,22,5,3
5456,22,11,24
5457,3,5,23
5458,7,6,10
5459,6,1,2
5460,18,24,50
5461,15,36,48
5462,9,19,62
5463,5,1,7
5464,39,28,38
5465,22,50,9
5466,32,10,11
5467,14,8,76
5468,4,4,2
5469,2,13,4
5470,20,40,13
5471,53,42,9
5472,4,1,1
5473,2,1,2
5474,15,9,10
5475,21,5,1
5476,87,27,14
5477,6,2,27
5478,53,24,23
5479,16,12,14
5480,46,19,7
5481,25,81,2
5482,53,16,12
5483,9,42,8
5484,153,11,7
5485,26,8,6
5486,39,36,7
5487,17,7,4
5488,22,28,19
5489,26,7,8
5490,17,18,15
5491,53,25,21
5492,13,11,9
5493,3,17,5
5494,3,3,3
5495,3,6,1
5496,2,5,2
5497,109,36,13
5498,3,8,4
5499,26,12,20
5500,7,5,3
5501,46,3,3
5502,14,37,62
5503,81,2,2
5504,132,37,14
5505,19,53,8
5506,14,37,4
5507,132,37,19
5508,34,17,7
5509,7,7,22
5510,26,13,25
5511,13,53,4
5512,7,15,11
5513,9,26,13
5514,8,22,1
5515,7,21,13
5516,11,50,22
5517,2,20,3
5518,8,23,4
5519,36,19,12
5520,48,19,24
5521,39,8,2
5522,8,53,5
5523,20,96,3
5524,8,18,21
5525,36,3,21
5526,11,1,12
5527,19,29,21
5528,6,10,3
5529,25,2,48
5530,1,14,2
5531,20,62,10
5532,17,18,31
5533,40,53,12
5534,153,81,22
5535,17,17,6
5536,153,17,12
5537,52,13,22
5538,46,13,2
5539,6,7,3
5540,109,41,22
5541,35,35,9
5542,39,41,16
5543,17,28,5
5544,13,14,1
5545,32,26,23
5546,10,28,4
5547,4,17,28
5548,32,6,13
5549,5,81,24
5550,93,7,48
5551,24,14,62
5552,2,14,3
5553,10,5,50
5554,11,22,19
5555,40,23,62
5556,53,24,21
5557,13,7,1
5558,29,41,12
5559,4,28,27
5560,109,13,3
5561,6,2,4
5562,41,81,21
5563,5,1,3
5564,15,68,10
5565,35,17,9
5566,5,6,18
5567,6,1,2
5568,9,29,3
5569,33,10,38
5570,36,7,13
5571,4,2,1
5572,5,40,4
5573,2,5,14
5574,23,2,14
5575,22,24,50
5576,48,9,4
5577,23,2,36
5578,81,4,3
5579,36,10,22
5580,10,1,2
5581,5,3,32
5582,53,4,11
5583,2,2,54
5584,20,15,54
5585,8,15,62
5586,40,12,13
5587,6,3,4
5588,4,5,7
5589,18,9,2
5590,20,11,12
5591,3,6,4
5592,93,10,112
5593,132,15,1
5594,8,53,9
5595,12,4,2
5596,36,81,63
5597,26,15,1
5598,10,11,96
5599,5,12,4
5600,20,4,13
5601,35,8,16
5602,22,4,3
5603,18,10,13
5604,109,36,96
5605,22,40,21
5606,13,3,13
5607,25,24,28
5608,7,12,21
5609,12,1,9
5610,34,25,20
5611,48,1,27
5612,15,10,63
5613,54,3,1
5614,29,7,7
5615,9,18,4
5616,132,1,14
5617,8,15,23
5618,11,18,25
5619,36,36,29
5620,41,5,9
5621,35,41,7
5622,4,2,16
5623,132,11,12
5624,4,7,6
5625,153,28,25
5626,13,13,7
5627,33,14,22
5628,17,26,8
5629,10,19,14
5630,6,17,11
5631,3,8,4
5632,17,10,5
5633,14,17,23
5634,1,1,7
5635,35,3,15
5636,87,4,17
5637,26,12,7
5638,17,41,10
5639,20,3,6
5640,40,8,13
5641,9,13,8
5642,132,11,6
5643,132,36,23
5644,109,8,12
5645,20,5,4
5646,22,41,13
5647,1,5,1
5648,40,16,6
5649,153,33,1
5650,3,53,7
5651,19,8,2
5652,41,33,11
5653,4,3,22
5654,109,12,62
5655,14,40,76
5656,32,8,11
5657,4,9,5
5658,34,37,18
5659,7,14,1
5660,41,19,15
5661,27,18,4
5662,4,5,2
5663,3,2,1
5664,4,10,48
5665,15,23,9
5666,3,26,1
5667,77,13,9
5668,35,11,4
5669,132,68,5
5670,39,20,3
5671,12,20,26
5672,29,22,13
5673,40,22,12
5674,26,40,27
5675,36,7,10
5676,20,7,13
5677,25,15,11
5678,28,42,7
5679,81,11,3
5680,9,22,7
5681,9,16,7
5682,26,76,19
5683,32,37,48
5684,9,1,3
5685,11,17,12
5686,55,6,7
5687,132,50,26
5688,9,18,1
5689,132,50,26
5690,6,22,15
5691,132,50,26
5692,3,27,7
5693,36,7,4
5694,153,20,12
5695,23,2,2
5696,17,2,4
5697,53,29,20
5698,9,7,3
5699,32,3,1
5700,8,25,11
5701,19,4,4
5702,10,5,3
5703,9,13,19
5704,39,40,15
5705,17,14,4
5706,4,3,11
5707,12,14,4
5708,109,8,4
5709,8,22,30
5710,36,28,7
5711,17,14,4
5712,15,4,2
5713,6,7,20
5714,87,68,5
5715,11,8,23
5716,32,4,8
5717,77,36,3
5718,32,1,7
5719,15,8,1
5720,17,14,4
5721,87,42,17
5722,17,14,4
5723,16,42,5
5724,5,7,5
5725,6,53,12
5726,8,32,36
5727,23,11,3
5728,22,5,27
5729,96,36,2
5730,22,81,50
5731,2,1,1
5732,17,26,31
5733,7,5,4
5734,20,28,11
5735,3,22,1
5736,87,29,24
5737,8,6,1
5738,1,3,2
5739,12,14,12
5740,10,28,4
5741,40,31,96
5742,10,6,76
5743,22,2,1
5744,23,6,2
5745,132,13,5
5746,2,14,17
5747,10,42,48
5748,17,17,6
5749,153,25,8
5750,153,35,38
5751,8,6,2
5752,32,13,5
5753,19,53,96
5754,9,5,11
5755,12,50,1
5756,25,8,13
5757,22,5,4
5758,18,1,5
5759,7,11,96
5760,87,26,7
5761,5,29,2
5762,39,12,12
5763,5,5,3
5764,5,23,17
5765,6,37,6
5766,153,17,1
5767,93,25,11
5768,3,6,4
5769,109,13,35
5770,24,15,8
5771,16,50,10
5772,22,18,44
5773,32,3,2
5774,16,5,10
5775,93,12,5
5776,29,13,8
5777,12,1,10
5778,16,9,19
5779,3,2,3
5780,16,11,2
5781,3,2,3
5782,7,4,6
5783,40,42,14
5784,22,15,7
5785,25,29,19
5786,10,15,7
5787,39,23,2
5788,32,45,10
5789,26,12,7
5790,40,12,4
5791,19,42,12
5792,39,25,38
5793,48,4,15
5794,10,62,6
5795,5,13,1
5796,22,14,6
5797,2,3,4
5798,3,1,3
5799,10,32,2
5800,18,3,11
5801,40,7,4
5802,5,68,48
5803,87,9,7
5804,24,15,4
5805,20,8,3
5806,22,3,2
5807,53,29,18
5808,39,25,2
5809,10,4,4
5810,7,12,21
5811,13,12,54
5812,153,17,12
5813,17,17,4
5814,22,19,22
5815,26,14,4
5816,132,34,5
5817,36,9,7
5818,52,41,19
5819,22,54,7
5820,39,8,9
5821,25,3,5
5822,20,4,13
5823,93,12,11
5824,7,13,1
5825,19,5,6
5826,29,3,27
5827,3,81,44
5828,8,14,7
5829,153,14,19
5830,23,9,50
5831,1,2,2
5832,31,2,2
5833,36,9,7
5834,22,5,4
5835,2,6,4
5836,46,19,3
5837,7,29,6
5838,29,8,9
5839,32,28,3
5840,52,4,96
5841,18,8,50
5842,12,2,6
5843,46,19,22
5844,16,6,6
5845,1,4,13
5846,1,2,10
5847,46,33,22
5848,13,5,3
5849,29,68,7
5850,15,13,1
5851,25,25,3
5852,13,19,1
5853,27,45,28
5854,3,13,6
5855,1,1,9
5856,109,12,12
5857,9,17,76
5858,20,10,5
5859,1,2,21
5860,87,42,16
5861,10,14,5
5862,33,9,10
5863,5,1,20
5864,29,45,12
5865,18,9,2
5866,4,6,11
5867,17,7,13
5868,14,8,3
5869,77,22,9
5870,22,15,33
5871,25,11,112
5872,22,11,19
5873,33,45,30
5874,25,19,6
5875,8,19,3
5876,109,7,15
5877,109,8,9
5878,36,20,76
5879,2,5,3
5880,22,32,35
5881,19,15,3
5882,20,5,4
5883,24,29,3
5884,35,81,2
5885,40,8,3
5886,10,7,2
5887,15,26,13
5888,12,4,4
5889,19,34,2
5890,93,17,8
5891,36,26,20
5892,36,26,20
5893,13,29,44
5894,6,9,22
5895,16,30,63
5896,32,4,3
5897,13,29,44
5898,36,26,20
5899,3,15,1
5900,9,11,7
5901,39,6,2
5902,11,13,4
5903,11,7,1
5904,81,15,1
5905,93,9,7
5906,21,36,7
5907,48,27,13
5908,93,9,7
5909,8,38,2
5910,22,15,9
5911,15,2,2
5912,4,2,16
5913,6,8,13
5914,153,7,12
5915,15,56,24
5916,13,8,16
5917,1,8,1
5918,3,37,8
5919,48,29,15
5920,132,68,30
5921,77,34,20
5922,3,7,11
5923,93,12,5
5924,9,3,14
5925,23,1,5
5926,53,7,24
5927,93,17,8
5928,8,10,1
5929,2,10,13
5930,3,4,2
5931,26,8,6
5932,26,1,1
5933,32,36,28
5934,26,10,96
5935,53,15,13
5936,22,23,14
5937,6,22,11
5938,6,1,3
5939,13,20,4
5940,15,37,23
5941,13,29,44
5942,14,13,50
5943,32,23,3
5944,2,76,19
5945,25,36,13
5946,21,53,62
5947,24,6,23
5948,4,2,7
5949,15,13,5
5950,53,50,1
5951,132,22,12
5952,5,10,15
5953,8,38,14
5954,1,1,2
5955,53,15,1
5956,3,10,1
5957,17,62,14
5958,19,3,12
5959,1,56,62
5960,31,3,6
5961,109,13,14
5962,11,25,37
5963,96,22,1
5964,14,13,50
5965,25,5,8
5966,17,12,1
5967,23,12,9
5968,109,7,1
5969,7,36,6
5970,23,3,1
5971,13,29,44
5972,2,27,3
5973,15,9,20
5974,3,3,12
5975,40,18,6
5976,46,10,5
5977,13,29,44
5978,5,14,35
5979,26,56,5
5980,3,4,2
5981,8,18,17
5982,153,81,22
5983,52,27,4
5984,7,12,12
5985,39,17,9
5986,7,33,14
5987,33,8,4
5988,8,53,9
5989,52,81,5
5990,69,96,25
5991,3,8,5
5992,25,10,17
5993,8,6,6
5994,1,6,8
5995,10,28,4
5996,2,3,3
5997,22,1,81
5998,12,41,11
5999,20,19,13
6000,87,37,8
6001,109,36,96
6002,2,2,5
6003,109,3,9
6004,4,22,6
6005,7,12,21
6006,22,1,4
6007,19,17,27
6008,9,18,8
6009,6,1,1
6010,4,27,28
6011,36,9,7
6012,48,37,14
6013,14,20,20
6014,6,7,39
6015,29,13,1
6016,29,16,27
6017,53,12,11
6018,19,53,8
6019,4,1,2
6020,3,1,81
6021,1,16,24
6022,28,4,16
6023,24,13,14
6024,19,42,4
6025,6,15,25
6026,32,26,11
6027,2,2,1
6028,10,8,5
6029,15,13,5
6030,22,25,6
6031,29,19,14
6032,1,27,29
6033,3,1,2
6034,77,25,13
6035,2,6,7
6036,19,4,14
6037,37,22,23
6038,14,15,27
6039,16,1,13
6040,53,29,15
6041,26,26,23
6042,39,81,23
6043,77,42,24
6044,7,36,13
6045,77,9,23
6046,22,42,26
6047,69,23,6
6048,48,2,62
6049,26,34,13
6050,4,42,14
6051,23,14,27
6052,3,19,22
6053,10,23,2
